Date,Temperature, ,
2000/1/1,8.6,8,1
2000/1/2,6.9,8,1
2000/1/3,9.2,8,1
2000/1/4,9.8,8,1
2000/1/5,9.3,8,1
2000/1/6,10.5,8,1
2000/1/7,12.4,8,1
2000/1/8,9.9,8,1
2000/1/9,9.1,8,1
2000/1/10,10.8,8,1
2000/1/11,8.1,8,1
2000/1/12,3.8,8,1
2000/1/13,7.1,8,1
2000/1/14,11.7,8,1
2000/1/15,9.1,8,1
2000/1/16,7.8,8,1
2000/1/17,5.7,8,1
2000/1/18,8.2,8,1
2000/1/19,5.5,8,1
2000/1/20,7.6,8,1
2000/1/21,3.9,8,1
2000/1/22,5.0,8,1
2000/1/23,6.6,8,1
2000/1/24,8.5,8,1
2000/1/25,5.5,8,1
2000/1/26,4.1,8,1
2000/1/27,3.1,8,1
2000/1/28,4.6,8,1
2000/1/29,6.8,8,1
2000/1/30,9.1,8,1
2000/1/31,6.8,8,1
2000/2/1,5.7,8,1
2000/2/2,7.3,8,1
2000/2/3,7.5,8,1
2000/2/4,7.3,8,1
2000/2/5,7.3,8,1
2000/2/6,7.3,8,1
2000/2/7,9.4,8,1
2000/2/8,7.5,8,1
2000/2/9,5.6,8,1
2000/2/10,6.1,8,1
2000/2/11,6.4,8,1
2000/2/12,8.7,8,1
2000/2/13,8.6,8,1
2000/2/14,7.0,8,1
2000/2/15,5.2,8,1
2000/2/16,3.0,8,1
2000/2/17,4.8,8,1
2000/2/18,4.6,8,1
2000/2/19,5.4,8,1
2000/2/20,4.4,8,1
2000/2/21,5.2,8,1
2000/2/22,4.6,8,1
2000/2/23,6.2,8,1
2000/2/24,5.1,8,1
2000/2/25,3.3,8,1
2000/2/26,2.7,8,1
2000/2/27,5.1,8,1
2000/2/28,7.1,8,1
2000/2/29,4.2,8,1
2000/3/1,6.1,8,1
2000/3/2,7.8,8,1
2000/3/3,11.1,8,1
2000/3/4,11.3,8,1
2000/3/5,12.2,8,1
2000/3/6,7.2,8,1
2000/3/7,10.1,8,1
2000/3/8,7.7,8,1
2000/3/9,5.6,8,1
2000/3/10,5.5,8,1
2000/3/11,7.4,8,1
2000/3/12,7.5,8,1
2000/3/13,8.8,8,1
2000/3/14,7.1,8,1
2000/3/15,8.5,8,1
2000/3/16,7.4,8,1
2000/3/17,9.3,8,1
2000/3/18,10.2,8,1
2000/3/19,12.8,8,1
2000/3/20,9.9,8,1
2000/3/21,7.0,8,1
2000/3/22,8.9,8,1
2000/3/23,9.9,8,1
2000/3/24,11.5,8,1
2000/3/25,8.6,8,1
2000/3/26,7.2,8,1
2000/3/27,9.5,8,1
2000/3/28,12.0,8,1
2000/3/29,16.1,8,1
2000/3/30,14.0,8,1
2000/3/31,13.4,8,1
2000/4/1,12.7,8,1
2000/4/2,12.2,8,1
2000/4/3,10.1,8,1
2000/4/4,11.8,8,1
2000/4/5,11.9,8,1
2000/4/6,14.1,8,1
2000/4/7,14.8,8,1
2000/4/8,15.6,8,1
2000/4/9,13.8,8,1
2000/4/10,15.9,8,1
2000/4/11,13.5,8,1
2000/4/12,15.7,8,1
2000/4/13,17.2,8,1
2000/4/14,18.5,8,1
2000/4/15,12.0,8,1
2000/4/16,10.2,8,1
2000/4/17,12.3,8,1
2000/4/18,14.6,8,1
2000/4/19,16.6,8,1
2000/4/20,11.8,8,1
2000/4/21,14.0,8,1
2000/4/22,19.1,8,1
2000/4/23,18.5,8,1
2000/4/24,14.1,8,1
2000/4/25,15.1,8,1
2000/4/26,14.3,8,1
2000/4/27,15.6,8,1
2000/4/28,15.8,8,1
2000/4/29,16.6,8,1
2000/4/30,16.9,8,1
2000/5/1,18.3,8,1
2000/5/2,18.7,8,1
2000/5/3,18.3,8,1
2000/5/4,17.3,8,1
2000/5/5,16.8,8,1
2000/5/6,15.9,8,1
2000/5/7,18.7,8,1
2000/5/8,20.4,8,1
2000/5/9,20.6,8,1
2000/5/10,18.0,8,1
2000/5/11,16.5,8,1
2000/5/12,19.0,8,1
2000/5/13,19.5,8,1
2000/5/14,20.1,8,1
2000/5/15,19.3,8,1
2000/5/16,20.5,8,1
2000/5/17,18.5,8,1
2000/5/18,17.4,8,1
2000/5/19,18.3,8,1
2000/5/20,16.4,8,1
2000/5/21,17.5,8,1
2000/5/22,20.2,8,1
2000/5/23,22.7,8,1
2000/5/24,22.7,8,1
2000/5/25,20.8,8,1
2000/5/26,22.4,8,1
2000/5/27,22.9,8,1
2000/5/28,24.2,8,1
2000/5/29,25.1,8,1
2000/5/30,24.4,8,1
2000/5/31,22.2,8,1
2000/6/1,22.1,8,1
2000/6/2,22.9,8,1
2000/6/3,23.0,8,1
2000/6/4,23.0,8,1
2000/6/5,20.8,8,1
2000/6/6,23.0,8,1
2000/6/7,24.5,8,1
2000/6/8,25.1,8,1
2000/6/9,23.3,8,1
2000/6/10,20.0,8,1
2000/6/11,18.1,8,1
2000/6/12,17.7,8,1
2000/6/13,18.1,8,1
2000/6/14,19.3,8,1
2000/6/15,22.1,8,1
2000/6/16,24.7,8,1
2000/6/17,21.8,8,1
2000/6/18,23.5,8,1
2000/6/19,25.1,8,1
2000/6/20,25.2,8,1
2000/6/21,25.1,8,1
2000/6/22,26.4,8,1
2000/6/23,21.3,8,1
2000/6/24,20.1,8,1
2000/6/25,19.2,8,1
2000/6/26,20.3,8,1
2000/6/27,23.7,8,1
2000/6/28,24.3,8,1
2000/6/29,25.5,8,1
2000/6/30,27.0,8,1
2000/7/1,28.7,8,1
2000/7/2,27.9,8,1
2000/7/3,27.3,8,1
2000/7/4,26.3,8,1
2000/7/5,24.6,8,1
2000/7/6,24.5,8,1
2000/7/7,23.4,8,1
2000/7/8,25.6,8,1
2000/7/9,27.5,8,1
2000/7/10,26.9,8,1
2000/7/11,27.3,8,1
2000/7/12,26.7,8,1
2000/7/13,28.9,8,1
2000/7/14,28.4,8,1
2000/7/15,28.1,8,1
2000/7/16,28.9,8,1
2000/7/17,29.4,8,1
2000/7/18,28.0,8,1
2000/7/19,28.2,8,1
2000/7/20,29.2,8,1
2000/7/21,28.8,8,1
2000/7/22,30.2,8,1
2000/7/23,30.9,8,1
2000/7/24,30.3,8,1
2000/7/25,26.8,8,1
2000/7/26,24.3,8,1
2000/7/27,25.8,8,1
2000/7/28,26.9,8,1
2000/7/29,28.6,8,1
2000/7/30,29.3,8,1
2000/7/31,30.0,8,1
2000/8/1,30.1,8,1
2000/8/2,29.5,8,1
2000/8/3,29.7,8,1
2000/8/4,29.3,8,1
2000/8/5,29.3,8,1
2000/8/6,28.6,8,1
2000/8/7,27.9,8,1
2000/8/8,28.1,8,1
2000/8/9,27.2,8,1
2000/8/10,28.1,8,1
2000/8/11,29.6,8,1
2000/8/12,29.0,8,1
2000/8/13,25.0,8,1
2000/8/14,26.5,8,1
2000/8/15,26.8,8,1
2000/8/16,27.6,8,1
2000/8/17,27.1,8,1
2000/8/18,25.9,8,1
2000/8/19,26.5,8,1
2000/8/20,26.9,8,1
2000/8/21,29.0,8,1
2000/8/22,28.8,8,1
2000/8/23,29.3,8,1
2000/8/24,29.5,8,1
2000/8/25,29.5,8,1
2000/8/26,28.8,8,1
2000/8/27,29.2,8,1
2000/8/28,28.9,8,1
2000/8/29,29.3,8,1
2000/8/30,29.1,8,1
2000/8/31,28.3,8,1
2000/9/1,29.1,8,1
2000/9/2,32.0,8,1
2000/9/3,29.3,8,1
2000/9/4,23.6,8,1
2000/9/5,20.6,8,1
2000/9/6,24.0,8,1
2000/9/7,25.6,8,1
2000/9/8,27.1,8,1
2000/9/9,28.4,8,1
2000/9/10,28.6,8,1
2000/9/11,25.5,8,1
2000/9/12,28.1,8,1
2000/9/13,25.5,8,1
2000/9/14,25.8,8,1
2000/9/15,27.5,8,1
2000/9/16,27.0,8,1
2000/9/17,26.5,8,1
2000/9/18,26.5,8,1
2000/9/19,26.0,8,1
2000/9/20,25.4,8,1
2000/9/21,25.0,8,1
2000/9/22,25.2,8,1
2000/9/23,23.5,8,1
2000/9/24,23.5,8,1
2000/9/25,25.3,8,1
2000/9/26,23.2,8,1
2000/9/27,22.7,8,1
2000/9/28,22.3,8,1
2000/9/29,22.0,8,1
2000/9/30,21.8,8,1
2000/10/1,21.0,8,1
2000/10/2,19.9,8,1
2000/10/3,21.2,8,1
2000/10/4,23.1,8,1
2000/10/5,20.9,8,1
2000/10/6,21.1,8,1
2000/10/7,20.6,8,1
2000/10/8,19.4,8,1
2000/10/9,17.7,8,1
2000/10/10,21.1,8,1
2000/10/11,22.7,8,1
2000/10/12,22.7,8,1
2000/10/13,17.8,8,1
2000/10/14,19.7,8,1
2000/10/15,18.5,8,1
2000/10/16,18.7,8,1
2000/10/17,18.0,8,1
2000/10/18,18.4,8,1
2000/10/19,16.7,8,1
2000/10/20,17.2,8,1
2000/10/21,20.4,8,1
2000/10/22,19.3,8,1
2000/10/23,17.0,8,1
2000/10/24,18.2,8,1
2000/10/25,18.1,8,1
2000/10/26,20.3,8,1
2000/10/27,16.4,8,1
2000/10/28,14.5,8,1
2000/10/29,12.5,8,1
2000/10/30,14.7,8,1
2000/10/31,15.2,8,1
2000/11/1,14.3,8,1
2000/11/2,14.7,8,1
2000/11/3,15.7,8,1
2000/11/4,16.1,8,1
2000/11/5,16.1,8,1
2000/11/6,16.2,8,1
2000/11/7,16.8,8,1
2000/11/8,17.4,8,1
2000/11/9,12.5,8,1
2000/11/10,13.7,8,1
2000/11/11,14.6,8,1
2000/11/12,12.0,8,1
2000/11/13,14.4,8,1
2000/11/14,12.9,8,1
2000/11/15,15.7,8,1
2000/11/16,12.7,8,1
2000/11/17,9.8,8,1
2000/11/18,13.8,8,1
2000/11/19,10.9,8,1
2000/11/20,9.2,8,1
2000/11/21,17.4,8,1
2000/11/22,11.3,8,1
2000/11/23,9.8,8,1
2000/11/24,12.0,8,1
2000/11/25,12.8,8,1
2000/11/26,13.6,8,1
2000/11/27,14.0,8,1
2000/11/28,10.6,8,1
2000/11/29,8.2,8,1
2000/11/30,10.2,8,1
2000/12/1,8.9,8,1
2000/12/2,8.5,8,1
2000/12/3,9.3,8,1
2000/12/4,9.8,8,1
2000/12/5,9.3,8,1
2000/12/6,9.9,8,1
2000/12/7,7.3,8,1
2000/12/8,8.6,8,1
2000/12/9,11.2,8,1
2000/12/10,11.9,8,1
2000/12/11,10.3,8,1
2000/12/12,7.0,8,1
2000/12/13,8.2,8,1
2000/12/14,7.2,8,1
2000/12/15,9.4,8,1
2000/12/16,11.7,8,1
2000/12/17,8.8,8,1
2000/12/18,9.4,8,1
2000/12/19,12.3,8,1
2000/12/20,9.8,8,1
2000/12/21,11.0,8,1
2000/12/22,8.3,8,1
2000/12/23,9.8,8,1
2000/12/24,9.8,8,1
2000/12/25,8.1,8,1
2000/12/26,5.4,8,1
2000/12/27,6.0,8,1
2000/12/28,6.4,8,1
2000/12/29,6.5,8,1
2000/12/30,5.3,8,1
2000/12/31,8.1,8,1
2001/1/1,7.5,8,1
2001/1/2,8.3,8,1
2001/1/3,7.8,8,1
2001/1/4,4.7,8,1
2001/1/5,5.7,8,1
2001/1/6,4.5,8,1
2001/1/7,2.9,8,1
2001/1/8,3.4,8,1
2001/1/9,4.6,8,1
2001/1/10,7.8,8,1
2001/1/11,7.9,8,1
2001/1/12,6.6,8,1
2001/1/13,3.8,8,1
2001/1/14,2.0,8,1
2001/1/15,1.7,8,1
2001/1/16,3.0,8,1
2001/1/17,3.3,8,1
2001/1/18,4.7,8,1
2001/1/19,3.6,8,1
2001/1/20,2.1,8,1
2001/1/21,4.9,8,1
2001/1/22,6.9,8,1
2001/1/23,5.6,8,1
2001/1/24,5.3,8,1
2001/1/25,3.5,8,1
2001/1/26,5.5,8,1
2001/1/27,1.8,8,1
2001/1/28,5.6,8,1
2001/1/29,5.8,8,1
2001/1/30,5.3,8,1
2001/1/31,5.8,8,1
2001/2/1,5.2,8,1
2001/2/2,5.1,8,1
2001/2/3,5.7,8,1
2001/2/4,5.4,8,1
2001/2/5,6.7,8,1
2001/2/6,8.0,8,1
2001/2/7,4.1,8,1
2001/2/8,5.5,8,1
2001/2/9,4.7,8,1
2001/2/10,6.5,8,1
2001/2/11,6.6,8,1
2001/2/12,4.1,8,1
2001/2/13,4.0,8,1
2001/2/14,2.9,8,1
2001/2/15,3.8,8,1
2001/2/16,5.8,8,1
2001/2/17,4.9,8,1
2001/2/18,6.8,8,1
2001/2/19,9.1,8,1
2001/2/20,7.5,8,1
2001/2/21,10.1,8,1
2001/2/22,13.9,8,1
2001/2/23,12.5,8,1
2001/2/24,6.5,8,1
2001/2/25,5.9,8,1
2001/2/26,5.1,8,1
2001/2/27,8.0,8,1
2001/2/28,11.2,8,1
2001/3/1,7.1,8,1
2001/3/2,6.1,8,1
2001/3/3,7.6,8,1
2001/3/4,7.4,8,1
2001/3/5,8.3,8,1
2001/3/6,10.3,8,1
2001/3/7,12.4,8,1
2001/3/8,5.9,8,1
2001/3/9,5.2,8,1
2001/3/10,6.4,8,1
2001/3/11,5.8,8,1
2001/3/12,4.1,8,1
2001/3/13,5.2,8,1
2001/3/14,9.3,8,1
2001/3/15,13.7,8,1
2001/3/16,9.4,8,1
2001/3/17,8.6,8,1
2001/3/18,11.7,8,1
2001/3/19,13.3,8,1
2001/3/20,14.8,8,1
2001/3/21,16.3,8,1
2001/3/22,14.4,8,1
2001/3/23,14.0,8,1
2001/3/24,15.0,8,1
2001/3/25,14.8,8,1
2001/3/26,13.5,8,1
2001/3/27,12.2,8,1
2001/3/28,12.4,8,1
2001/3/29,7.6,8,1
2001/3/30,8.1,8,1
2001/3/31,3.5,8,1
2001/4/1,7.7,8,1
2001/4/2,11.6,8,1
2001/4/3,15.0,8,1
2001/4/4,10.5,8,1
2001/4/5,13.0,8,1
2001/4/6,15.5,8,1
2001/4/7,16.0,8,1
2001/4/8,16.5,8,1
2001/4/9,17.8,8,1
2001/4/10,18.3,8,1
2001/4/11,18.4,8,1
2001/4/12,18.2,8,1
2001/4/13,15.6,8,1
2001/4/14,16.4,8,1
2001/4/15,17.1,8,1
2001/4/16,17.2,8,1
2001/4/17,18.5,8,1
2001/4/18,18.6,8,1
2001/4/19,17.1,8,1
2001/4/20,19.7,8,1
2001/4/21,10.6,8,1
2001/4/22,13.1,8,1
2001/4/23,14.1,8,1
2001/4/24,18.6,8,1
2001/4/25,13.1,8,1
2001/4/26,14.1,8,1
2001/4/27,16.1,8,1
2001/4/28,18.5,8,1
2001/4/29,18.1,8,1
2001/4/30,14.9,8,1
2001/5/1,11.4,8,1
2001/5/2,12.5,8,1
2001/5/3,11.5,8,1
2001/5/4,14.3,8,1
2001/5/5,16.4,8,1
2001/5/6,18.8,8,1
2001/5/7,20.7,8,1
2001/5/8,19.5,8,1
2001/5/9,18.8,8,1
2001/5/10,18.9,8,1
2001/5/11,18.4,8,1
2001/5/12,19.6,8,1
2001/5/13,20.7,8,1
2001/5/14,21.4,8,1
2001/5/15,22.4,8,1
2001/5/16,20.1,8,1
2001/5/17,20.0,8,1
2001/5/18,20.6,8,1
2001/5/19,21.7,8,1
2001/5/20,22.4,8,1
2001/5/21,23.1,8,1
2001/5/22,21.3,8,1
2001/5/23,19.7,8,1
2001/5/24,19.6,8,1
2001/5/25,21.8,8,1
2001/5/26,22.9,8,1
2001/5/27,19.9,8,1
2001/5/28,20.7,8,1
2001/5/29,21.0,8,1
2001/5/30,21.5,8,1
2001/5/31,21.5,8,1
2001/6/1,23.7,8,1
2001/6/2,22.5,8,1
2001/6/3,23.1,8,1
2001/6/4,25.5,8,1
2001/6/5,24.3,8,1
2001/6/6,20.2,8,1
2001/6/7,22.2,8,1
2001/6/8,20.9,8,1
2001/6/9,21.6,8,1
2001/6/10,20.9,8,1
2001/6/11,23.1,8,1
2001/6/12,20.4,8,1
2001/6/13,21.9,8,1
2001/6/14,19.1,8,1
2001/6/15,17.3,8,1
2001/6/16,18.8,8,1
2001/6/17,22.3,8,1
2001/6/18,24.6,8,1
2001/6/19,26.0,8,1
2001/6/20,24.2,8,1
2001/6/21,19.3,8,1
2001/6/22,21.1,8,1
2001/6/23,22.8,8,1
2001/6/24,24.6,8,1
2001/6/25,26.4,8,1
2001/6/26,27.3,8,1
2001/6/27,28.7,8,1
2001/6/28,27.7,8,1
2001/6/29,28.1,8,1
2001/6/30,25.7,8,1
2001/7/1,29.5,8,1
2001/7/2,25.8,8,1
2001/7/3,27.5,8,1
2001/7/4,29.9,8,1
2001/7/5,30.4,8,1
2001/7/6,29.4,8,1
2001/7/7,26.1,8,1
2001/7/8,25.9,8,1
2001/7/9,26.9,8,1
2001/7/10,26.8,8,1
2001/7/11,28.1,8,1
2001/7/12,30.8,8,1
2001/7/13,31.6,8,1
2001/7/14,30.6,8,1
2001/7/15,30.2,8,1
2001/7/16,29.8,8,1
2001/7/17,29.7,8,1
2001/7/18,28.5,8,1
2001/7/19,27.2,8,1
2001/7/20,28.2,8,1
2001/7/21,29.8,8,1
2001/7/22,30.4,8,1
2001/7/23,31.5,8,1
2001/7/24,32.4,8,1
2001/7/25,29.1,8,1
2001/7/26,26.9,8,1
2001/7/27,25.2,8,1
2001/7/28,24.0,8,1
2001/7/29,25.2,8,1
2001/7/30,27.6,8,1
2001/7/31,29.8,8,1
2001/8/1,30.3,8,1
2001/8/2,26.1,8,1
2001/8/3,27.1,8,1
2001/8/4,29.5,8,1
2001/8/5,25.0,8,1
2001/8/6,24.8,8,1
2001/8/7,24.4,8,1
2001/8/8,24.8,8,1
2001/8/9,26.4,8,1
2001/8/10,28.9,8,1
2001/8/11,26.8,8,1
2001/8/12,23.2,8,1
2001/8/13,25.8,8,1
2001/8/14,29.2,8,1
2001/8/15,26.7,8,1
2001/8/16,26.8,8,1
2001/8/17,26.4,8,1
2001/8/18,24.2,8,1
2001/8/19,23.7,8,1
2001/8/20,25.5,8,1
2001/8/21,24.8,8,1
2001/8/22,26.4,8,1
2001/8/23,29.2,8,1
2001/8/24,28.1,8,1
2001/8/25,27.7,8,1
2001/8/26,27.9,8,1
2001/8/27,26.2,8,1
2001/8/28,26.8,8,1
2001/8/29,26.1,8,1
2001/8/30,25.0,8,1
2001/8/31,23.9,8,1
2001/9/1,25.2,8,1
2001/9/2,25.2,8,1
2001/9/3,23.2,8,1
2001/9/4,22.1,8,1
2001/9/5,22.9,8,1
2001/9/6,23.0,8,1
2001/9/7,23.4,8,1
2001/9/8,25.2,8,1
2001/9/9,27.0,8,1
2001/9/10,26.7,8,1
2001/9/11,26.0,8,1
2001/9/12,28.0,8,1
2001/9/13,24.1,8,1
2001/9/14,24.9,8,1
2001/9/15,26.9,8,1
2001/9/16,25.8,8,1
2001/9/17,24.6,8,1
2001/9/18,27.2,8,1
2001/9/19,26.1,8,1
2001/9/20,21.4,8,1
2001/9/21,19.1,8,1
2001/9/22,16.0,8,1
2001/9/23,17.3,8,1
2001/9/24,19.4,8,1
2001/9/25,20.9,8,1
2001/9/26,22.6,8,1
2001/9/27,23.5,8,1
2001/9/28,21.9,8,1
2001/9/29,18.8,8,1
2001/9/30,18.3,8,1
2001/10/1,18.2,8,1
2001/10/2,23.0,8,1
2001/10/3,22.9,8,1
2001/10/4,20.4,8,1
2001/10/5,20.1,8,1
2001/10/6,22.2,8,1
2001/10/7,19.8,8,1
2001/10/8,16.5,8,1
2001/10/9,19.0,8,1
2001/10/10,17.0,8,1
2001/10/11,21.6,8,1
2001/10/12,21.8,8,1
2001/10/13,21.5,8,1
2001/10/14,20.6,8,1
2001/10/15,19.1,8,1
2001/10/16,20.0,8,1
2001/10/17,18.2,8,1
2001/10/18,14.3,8,1
2001/10/19,15.3,8,1
2001/10/20,16.2,8,1
2001/10/21,16.9,8,1
2001/10/22,16.5,8,1
2001/10/23,20.5,8,1
2001/10/24,19.1,8,1
2001/10/25,18.9,8,1
2001/10/26,17.3,8,1
2001/10/27,17.4,8,1
2001/10/28,16.6,8,1
2001/10/29,18.4,8,1
2001/10/30,15.0,8,1
2001/10/31,16.7,8,1
2001/11/1,17.7,8,1
2001/11/2,18.1,8,1
2001/11/3,15.5,8,1
2001/11/4,14.7,8,1
2001/11/5,12.6,8,1
2001/11/6,15.5,8,1
2001/11/7,13.0,8,1
2001/11/8,13.3,8,1
2001/11/9,12.8,8,1
2001/11/10,11.1,8,1
2001/11/11,12.3,8,1
2001/11/12,11.4,8,1
2001/11/13,12.4,8,1
2001/11/14,12.1,8,1
2001/11/15,11.6,8,1
2001/11/16,13.2,8,1
2001/11/17,12.8,8,1
2001/11/18,11.5,8,1
2001/11/19,11.7,8,1
2001/11/20,12.0,8,1
2001/11/21,12.6,8,1
2001/11/22,13.5,8,1
2001/11/23,13.6,8,1
2001/11/24,13.3,8,1
2001/11/25,13.1,8,1
2001/11/26,11.9,8,1
2001/11/27,10.4,8,1
2001/11/28,10.7,8,1
2001/11/29,13.0,8,1
2001/11/30,14.4,8,1
2001/12/1,11.8,8,1
2001/12/2,11.6,8,1
2001/12/3,12.0,8,1
2001/12/4,10.1,8,1
2001/12/5,10.4,8,1
2001/12/6,9.8,8,1
2001/12/7,9.4,8,1
2001/12/8,8.7,8,1
2001/12/9,8.4,8,1
2001/12/10,8.1,8,1
2001/12/11,7.3,8,1
2001/12/12,10.0,8,1
2001/12/13,9.1,8,1
2001/12/14,11.3,8,1
2001/12/15,7.8,8,1
2001/12/16,7.4,8,1
2001/12/17,8.2,8,1
2001/12/18,7.4,8,1
2001/12/19,7.5,8,1
2001/12/20,7.7,8,1
2001/12/21,4.7,8,1
2001/12/22,7.2,8,1
2001/12/23,7.1,8,1
2001/12/24,7.5,8,1
2001/12/25,6.9,8,1
2001/12/26,8.4,8,1
2001/12/27,6.9,8,1
2001/12/28,6.9,8,1
2001/12/29,6.0,8,1
2001/12/30,7.7,8,1
2001/12/31,6.0,8,1
2002/1/1,7.1,8,1
2002/1/2,5.2,8,1
2002/1/3,4.1,8,1
2002/1/4,6.5,8,1
2002/1/5,5.7,8,1
2002/1/6,5.6,8,1
2002/1/7,4.3,8,1
2002/1/8,7.4,8,1
2002/1/9,7.5,8,1
2002/1/10,8.2,8,1
2002/1/11,10.1,8,1
2002/1/12,10.4,8,1
2002/1/13,10.2,8,1
2002/1/14,9.1,8,1
2002/1/15,11.9,8,1
2002/1/16,11.7,8,1
2002/1/17,6.9,8,1
2002/1/18,6.9,8,1
2002/1/19,5.8,8,1
2002/1/20,6.5,8,1
2002/1/21,9.5,8,1
2002/1/22,11.1,8,1
2002/1/23,7.3,8,1
2002/1/24,7.0,8,1
2002/1/25,6.9,8,1
2002/1/26,4.0,8,1
2002/1/27,7.3,8,1
2002/1/28,8.8,8,1
2002/1/29,5.9,8,1
2002/1/30,5.9,8,1
2002/1/31,5.9,8,1
2002/2/1,6.4,8,1
2002/2/2,7.5,8,1
2002/2/3,6.0,8,1
2002/2/4,7.5,8,1
2002/2/5,7.6,8,1
2002/2/6,8.6,8,1
2002/2/7,10.1,8,1
2002/2/8,10.0,8,1
2002/2/9,8.4,8,1
2002/2/10,3.7,8,1
2002/2/11,4.1,8,1
2002/2/12,5.6,8,1
2002/2/13,5.5,8,1
2002/2/14,5.5,8,1
2002/2/15,5.9,8,1
2002/2/16,7.3,8,1
2002/2/17,7.6,8,1
2002/2/18,7.6,8,1
2002/2/19,6.4,8,1
2002/2/20,9.0,8,1
2002/2/21,10.6,8,1
2002/2/22,12.5,8,1
2002/2/23,10.8,8,1
2002/2/24,8.9,8,1
2002/2/25,8.3,8,1
2002/2/26,9.5,8,1
2002/2/27,10.9,8,1
2002/2/28,10.3,8,1
2002/3/1,12.0,8,1
2002/3/2,12.3,8,1
2002/3/3,6.3,8,1
2002/3/4,8.5,8,1
2002/3/5,9.1,8,1
2002/3/6,10.3,8,1
2002/3/7,11.3,8,1
2002/3/8,8.7,8,1
2002/3/9,10.5,8,1
2002/3/10,13.0,8,1
2002/3/11,12.2,8,1
2002/3/12,13.0,8,1
2002/3/13,11.9,8,1
2002/3/14,13.2,8,1
2002/3/15,18.1,8,1
2002/3/16,13.9,8,1
2002/3/17,15.3,8,1
2002/3/18,15.5,8,1
2002/3/19,13.3,8,1
2002/3/20,14.4,8,1
2002/3/21,16.3,8,1
2002/3/22,15.9,8,1
2002/3/23,9.0,8,1
2002/3/24,9.5,8,1
2002/3/25,9.3,8,1
2002/3/26,9.3,8,1
2002/3/27,10.8,8,1
2002/3/28,11.0,8,1
2002/3/29,12.1,8,1
2002/3/30,17.3,8,1
2002/3/31,15.0,8,1
2002/4/1,15.3,8,1
2002/4/2,19.2,8,1
2002/4/3,18.1,8,1
2002/4/4,15.4,8,1
2002/4/5,14.2,8,1
2002/4/6,13.9,8,1
2002/4/7,13.8,8,1
2002/4/8,19.0,8,1
2002/4/9,17.2,8,1
2002/4/10,12.7,8,1
2002/4/11,14.2,8,1
2002/4/12,13.5,8,1
2002/4/13,14.1,8,1
2002/4/14,15.9,8,1
2002/4/15,20.7,8,1
2002/4/16,21.6,8,1
2002/4/17,21.3,8,1
2002/4/18,16.3,8,1
2002/4/19,15.9,8,1
2002/4/20,17.1,8,1
2002/4/21,15.4,8,1
2002/4/22,16.3,8,1
2002/4/23,16.2,8,1
2002/4/24,18.1,8,1
2002/4/25,15.9,8,1
2002/4/26,12.5,8,1
2002/4/27,12.7,8,1
2002/4/28,13.4,8,1
2002/4/29,15.9,8,1
2002/4/30,18.3,8,1
2002/5/1,19.1,8,1
2002/5/2,17.9,8,1
2002/5/3,19.0,8,1
2002/5/4,20.6,8,1
2002/5/5,23.3,8,1
2002/5/6,17.2,8,1
2002/5/7,13.8,8,1
2002/5/8,18.4,8,1
2002/5/9,14.8,8,1
2002/5/10,13.7,8,1
2002/5/11,15.4,8,1
2002/5/12,16.8,8,1
2002/5/13,14.6,8,1
2002/5/14,19.3,8,1
2002/5/15,19.2,8,1
2002/5/16,14.7,8,1
2002/5/17,14.0,8,1
2002/5/18,15.9,8,1
2002/5/19,19.3,8,1
2002/5/20,16.4,8,1
2002/5/21,18.4,8,1
2002/5/22,20.4,8,1
2002/5/23,20.6,8,1
2002/5/24,20.8,8,1
2002/5/25,21.4,8,1
2002/5/26,20.2,8,1
2002/5/27,19.4,8,1
2002/5/28,20.3,8,1
2002/5/29,21.1,8,1
2002/5/30,22.4,8,1
2002/5/31,21.7,8,1
2002/6/1,22.2,8,1
2002/6/2,23.9,8,1
2002/6/3,23.1,8,1
2002/6/4,24.1,8,1
2002/6/5,24.2,8,1
2002/6/6,22.1,8,1
2002/6/7,23.8,8,1
2002/6/8,24.5,8,1
2002/6/9,25.5,8,1
2002/6/10,24.7,8,1
2002/6/11,25.9,8,1
2002/6/12,20.4,8,1
2002/6/13,18.6,8,1
2002/6/14,20.9,8,1
2002/6/15,20.0,8,1
2002/6/16,22.2,8,1
2002/6/17,23.2,8,1
2002/6/18,19.8,8,1
2002/6/19,23.9,8,1
2002/6/20,21.5,8,1
2002/6/21,23.4,8,1
2002/6/22,18.3,8,1
2002/6/23,17.5,8,1
2002/6/24,19.6,8,1
2002/6/25,17.5,8,1
2002/6/26,16.7,8,1
2002/6/27,16.4,8,1
2002/6/28,20.4,8,1
2002/6/29,20.5,8,1
2002/6/30,22.2,8,1
2002/7/1,23.2,8,1
2002/7/2,24.2,8,1
2002/7/3,24.5,8,1
2002/7/4,26.8,8,1
2002/7/5,25.7,8,1
2002/7/6,27.0,8,1
2002/7/7,28.2,8,1
2002/7/8,29.3,8,1
2002/7/9,28.4,8,1
2002/7/10,26.6,8,1
2002/7/11,29.0,8,1
2002/7/12,28.7,8,1
2002/7/13,27.7,8,1
2002/7/14,29.9,8,1
2002/7/15,29.9,8,1
2002/7/16,28.0,8,1
2002/7/17,27.8,8,1
2002/7/18,28.4,8,1
2002/7/19,29.1,8,1
2002/7/20,29.6,8,1
2002/7/21,29.3,8,1
2002/7/22,29.6,8,1
2002/7/23,29.4,8,1
2002/7/24,26.9,8,1
2002/7/25,26.2,8,1
2002/7/26,29.5,8,1
2002/7/27,30.0,8,1
2002/7/28,25.9,8,1
2002/7/29,27.4,8,1
2002/7/30,30.0,8,1
2002/7/31,30.8,8,1
2002/8/1,31.0,8,1
2002/8/2,28.4,8,1
2002/8/3,28.1,8,1
2002/8/4,27.0,8,1
2002/8/5,29.4,8,1
2002/8/6,31.4,8,1
2002/8/7,30.8,8,1
2002/8/8,31.0,8,1
2002/8/9,30.6,8,1
2002/8/10,30.7,8,1
2002/8/11,30.9,8,1
2002/8/12,26.7,8,1
2002/8/13,28.7,8,1
2002/8/14,30.1,8,1
2002/8/15,30.3,8,1
2002/8/16,27.3,8,1
2002/8/17,25.4,8,1
2002/8/18,23.7,8,1
2002/8/19,25.7,8,1
2002/8/20,27.7,8,1
2002/8/21,25.9,8,1
2002/8/22,23.9,8,1
2002/8/23,22.4,8,1
2002/8/24,24.4,8,1
2002/8/25,26.9,8,1
2002/8/26,26.3,8,1
2002/8/27,27.5,8,1
2002/8/28,29.2,8,1
2002/8/29,29.2,8,1
2002/8/30,29.0,8,1
2002/8/31,28.9,8,1
2002/9/1,28.9,8,1
2002/9/2,29.3,8,1
2002/9/3,29.4,8,1
2002/9/4,29.4,8,1
2002/9/5,26.6,8,1
2002/9/6,23.1,8,1
2002/9/7,23.3,8,1
2002/9/8,24.2,8,1
2002/9/9,24.0,8,1
2002/9/10,24.1,8,1
2002/9/11,26.6,8,1
2002/9/12,28.2,8,1
2002/9/13,23.6,8,1
2002/9/14,19.2,8,1
2002/9/15,20.0,8,1
2002/9/16,19.1,8,1
2002/9/17,20.1,8,1
2002/9/18,23.5,8,1
2002/9/19,21.8,8,1
2002/9/20,22.0,8,1
2002/9/21,22.2,8,1
2002/9/22,20.3,8,1
2002/9/23,20.2,8,1
2002/9/24,21.0,8,1
2002/9/25,21.6,8,1
2002/9/26,20.2,8,1
2002/9/27,18.6,8,1
2002/9/28,18.0,8,1
2002/9/29,23.7,8,1
2002/9/30,20.8,8,1
2002/10/1,20.7,8,1
2002/10/2,24.6,8,1
2002/10/3,23.3,8,1
2002/10/4,23.9,8,1
2002/10/5,23.3,8,1
2002/10/6,22.7,8,1
2002/10/7,25.1,8,1
2002/10/8,21.1,8,1
2002/10/9,19.1,8,1
2002/10/10,19.8,8,1
2002/10/11,17.3,8,1
2002/10/12,17.5,8,1
2002/10/13,18.0,8,1
2002/10/14,20.8,8,1
2002/10/15,23.0,8,1
2002/10/16,21.2,8,1
2002/10/17,20.4,8,1
2002/10/18,19.1,8,1
2002/10/19,20.4,8,1
2002/10/20,17.6,8,1
2002/10/21,15.2,8,1
2002/10/22,17.4,8,1
2002/10/23,16.5,8,1
2002/10/24,14.6,8,1
2002/10/25,17.3,8,1
2002/10/26,14.4,8,1
2002/10/27,16.5,8,1
2002/10/28,15.4,8,1
2002/10/29,13.8,8,1
2002/10/30,13.8,8,1
2002/10/31,14.1,8,1
2002/11/1,12.8,8,1
2002/11/2,13.3,8,1
2002/11/3,12.6,8,1
2002/11/4,12.3,8,1
2002/11/5,11.1,8,1
2002/11/6,11.2,8,1
2002/11/7,9.6,8,1
2002/11/8,13.2,8,1
2002/11/9,10.8,8,1
2002/11/10,10.9,8,1
2002/11/11,12.5,8,1
2002/11/12,18.0,8,1
2002/11/13,13.9,8,1
2002/11/14,12.1,8,1
2002/11/15,12.0,8,1
2002/11/16,9.7,8,1
2002/11/17,10.3,8,1
2002/11/18,13.3,8,1
2002/11/19,10.9,8,1
2002/11/20,11.0,8,1
2002/11/21,12.9,8,1
2002/11/22,8.9,8,1
2002/11/23,8.9,8,1
2002/11/24,10.6,8,1
2002/11/25,10.9,8,1
2002/11/26,12.1,8,1
2002/11/27,10.9,8,1
2002/11/28,10.1,8,1
2002/11/29,10.1,8,1
2002/11/30,11.9,8,1
2002/12/1,10.1,8,1
2002/12/2,11.0,8,1
2002/12/3,10.8,8,1
2002/12/4,9.7,8,1
2002/12/5,14.0,8,1
2002/12/6,12.1,8,1
2002/12/7,6.5,8,1
2002/12/8,5.8,8,1
2002/12/9,1.7,8,1
2002/12/10,4.3,8,1
2002/12/11,5.3,8,1
2002/12/12,5.8,8,1
2002/12/13,5.9,8,1
2002/12/14,5.1,8,1
2002/12/15,5.9,8,1
2002/12/16,11.1,8,1
2002/12/17,10.8,8,1
2002/12/18,7.5,8,1
2002/12/19,9.3,8,1
2002/12/20,9.0,8,1
2002/12/21,5.0,8,1
2002/12/22,6.7,8,1
2002/12/23,6.6,8,1
2002/12/24,6.5,8,1
2002/12/25,7.6,8,1
2002/12/26,6.1,8,1
2002/12/27,4.2,8,1
2002/12/28,3.5,8,1
2002/12/29,5.1,8,1
2002/12/30,5.5,8,1
2002/12/31,5.6,8,1
2003/1/1,5.1,8,1
2003/1/2,3.4,8,1
2003/1/3,0.5,8,1
2003/1/4,6.2,8,1
2003/1/5,4.2,8,1
2003/1/6,4.2,8,1
2003/1/7,4.7,8,1
2003/1/8,5.5,8,1
2003/1/9,5.3,8,1
2003/1/10,7.9,8,1
2003/1/11,7.7,8,1
2003/1/12,7.6,8,1
2003/1/13,7.7,8,1
2003/1/14,8.9,8,1
2003/1/15,3.9,8,1
2003/1/16,3.7,8,1
2003/1/17,7.0,8,1
2003/1/18,7.3,8,1
2003/1/19,5.1,8,1
2003/1/20,6.5,8,1
2003/1/21,5.2,8,1
2003/1/22,5.8,8,1
2003/1/23,3.7,8,1
2003/1/24,5.6,8,1
2003/1/25,5.1,8,1
2003/1/26,5.6,8,1
2003/1/27,3.8,8,1
2003/1/28,8.6,8,1
2003/1/29,4.2,8,1
2003/1/30,3.9,8,1
2003/1/31,5.2,8,1
2003/2/1,5.1,8,1
2003/2/2,3.6,8,1
2003/2/3,4.9,8,1
2003/2/4,4.3,8,1
2003/2/5,4.7,8,1
2003/2/6,5.2,8,1
2003/2/7,6.2,8,1
2003/2/8,7.8,8,1
2003/2/9,9.5,8,1
2003/2/10,10.3,8,1
2003/2/11,8.7,8,1
2003/2/12,6.8,8,1
2003/2/13,6.2,8,1
2003/2/14,7.7,8,1
2003/2/15,7.2,8,1
2003/2/16,5.2,8,1
2003/2/17,8.2,8,1
2003/2/18,5.3,8,1
2003/2/19,5.8,8,1
2003/2/20,5.9,8,1
2003/2/21,7.3,8,1
2003/2/22,5.4,8,1
2003/2/23,6.3,8,1
2003/2/24,3.3,8,1
2003/2/25,6.0,8,1
2003/2/26,9.1,8,1
2003/2/27,8.1,8,1
2003/2/28,6.3,8,1
2003/3/1,4.9,8,1
2003/3/2,10.7,8,1
2003/3/3,9.9,8,1
2003/3/4,4.9,8,1
2003/3/5,5.1,8,1
2003/3/6,4.8,8,1
2003/3/7,5.5,8,1
2003/3/8,10.1,8,1
2003/3/9,6.9,8,1
2003/3/10,5.9,8,1
2003/3/11,5.0,8,1
2003/3/12,6.1,8,1
2003/3/13,6.0,8,1
2003/3/14,7.2,8,1
2003/3/15,7.7,8,1
2003/3/16,8.5,8,1
2003/3/17,5.8,8,1
2003/3/18,6.7,8,1
2003/3/19,7.6,8,1
2003/3/20,8.4,8,1
2003/3/21,7.5,8,1
2003/3/22,7.2,8,1
2003/3/23,10.7,8,1
2003/3/24,14.1,8,1
2003/3/25,11.3,8,1
2003/3/26,14.4,8,1
2003/3/27,15.4,8,1
2003/3/28,14.7,8,1
2003/3/29,10.5,8,1
2003/3/30,10.9,8,1
2003/3/31,14.5,8,1
2003/4/1,13.5,8,1
2003/4/2,9.8,8,1
2003/4/3,10.2,8,1
2003/4/4,9.8,8,1
2003/4/5,6.9,8,1
2003/4/6,11.1,8,1
2003/4/7,14.0,8,1
2003/4/8,17.0,8,1
2003/4/9,15.1,8,1
2003/4/10,10.9,8,1
2003/4/11,12.8,8,1
2003/4/12,16.6,8,1
2003/4/13,18.2,8,1
2003/4/14,14.9,8,1
2003/4/15,11.9,8,1
2003/4/16,15.6,8,1
2003/4/17,18.3,8,1
2003/4/18,20.3,8,1
2003/4/19,21.5,8,1
2003/4/20,13.7,8,1
2003/4/21,12.3,8,1
2003/4/22,13.4,8,1
2003/4/23,15.5,8,1
2003/4/24,18.7,8,1
2003/4/25,15.9,8,1
2003/4/26,20.6,8,1
2003/4/27,16.5,8,1
2003/4/28,18.3,8,1
2003/4/29,19.5,8,1
2003/4/30,18.9,8,1
2003/5/1,15.4,8,1
2003/5/2,17.4,8,1
2003/5/3,20.3,8,1
2003/5/4,21.2,8,1
2003/5/5,19.6,8,1
2003/5/6,19.8,8,1
2003/5/7,22.4,8,1
2003/5/8,21.0,8,1
2003/5/9,14.1,8,1
2003/5/10,16.2,8,1
2003/5/11,18.4,8,1
2003/5/12,18.3,8,1
2003/5/13,20.1,8,1
2003/5/14,20.3,8,1
2003/5/15,16.9,8,1
2003/5/16,16.9,8,1
2003/5/17,15.4,8,1
2003/5/18,17.2,8,1
2003/5/19,17.1,8,1
2003/5/20,18.3,8,1
2003/5/21,19.9,8,1
2003/5/22,19.2,8,1
2003/5/23,17.6,8,1
2003/5/24,18.8,8,1
2003/5/25,17.5,8,1
2003/5/26,17.2,8,1
2003/5/27,18.7,8,1
2003/5/28,21.9,8,1
2003/5/29,22.4,8,1
2003/5/30,22.4,8,1
2003/5/31,21.4,8,1
2003/6/1,22.9,8,1
2003/6/2,22.0,8,1
2003/6/3,22.0,8,1
2003/6/4,20.4,8,1
2003/6/5,22.8,8,1
2003/6/6,21.8,8,1
2003/6/7,22.8,8,1
2003/6/8,22.1,8,1
2003/6/9,19.8,8,1
2003/6/10,20.3,8,1
2003/6/11,21.3,8,1
2003/6/12,21.4,8,1
2003/6/13,25.0,8,1
2003/6/14,25.5,8,1
2003/6/15,22.6,8,1
2003/6/16,23.7,8,1
2003/6/17,23.4,8,1
2003/6/18,24.0,8,1
2003/6/19,25.9,8,1
2003/6/20,27.7,8,1
2003/6/21,28.6,8,1
2003/6/22,26.8,8,1
2003/6/23,21.6,8,1
2003/6/24,22.7,8,1
2003/6/25,23.2,8,1
2003/6/26,20.7,8,1
2003/6/27,23.4,8,1
2003/6/28,22.4,8,1
2003/6/29,24.3,8,1
2003/6/30,25.5,8,1
2003/7/1,21.6,8,1
2003/7/2,22.5,8,1
2003/7/3,22.8,8,1
2003/7/4,24.7,8,1
2003/7/5,24.5,8,1
2003/7/6,21.2,8,1
2003/7/7,22.3,8,1
2003/7/8,20.0,8,1
2003/7/9,21.3,8,1
2003/7/10,23.0,8,1
2003/7/11,27.3,8,1
2003/7/12,25.8,8,1
2003/7/13,20.6,8,1
2003/7/14,19.5,8,1
2003/7/15,21.5,8,1
2003/7/16,23.0,8,1
2003/7/17,22.7,8,1
2003/7/18,22.0,8,1
2003/7/19,23.8,8,1
2003/7/20,24.9,8,1
2003/7/21,23.9,8,1
2003/7/22,21.5,8,1
2003/7/23,19.4,8,1
2003/7/24,21.8,8,1
2003/7/25,22.8,8,1
2003/7/26,22.5,8,1
2003/7/27,22.6,8,1
2003/7/28,22.1,8,1
2003/7/29,24.4,8,1
2003/7/30,25.2,8,1
2003/7/31,26.6,8,1
2003/8/1,24.6,8,1
2003/8/2,27.3,8,1
2003/8/3,28.8,8,1
2003/8/4,29.6,8,1
2003/8/5,28.4,8,1
2003/8/6,27.5,8,1
2003/8/7,27.6,8,1
2003/8/8,28.1,8,1
2003/8/9,27.2,8,1
2003/8/10,28.5,8,1
2003/8/11,28.4,8,1
2003/8/12,27.1,8,1
2003/8/13,23.8,8,1
2003/8/14,19.9,8,1
2003/8/15,19.5,8,1
2003/8/16,19.3,8,1
2003/8/17,19.9,8,1
2003/8/18,22.0,8,1
2003/8/19,22.1,8,1
2003/8/20,24.2,8,1
2003/8/21,27.0,8,1
2003/8/22,28.6,8,1
2003/8/23,29.2,8,1
2003/8/24,29.9,8,1
2003/8/25,29.8,8,1
2003/8/26,29.1,8,1
2003/8/27,25.2,8,1
2003/8/28,24.9,8,1
2003/8/29,28.9,8,1
2003/8/30,25.8,8,1
2003/8/31,24.0,8,1
2003/9/1,22.2,8,1
2003/9/2,26.3,8,1
2003/9/3,28.7,8,1
2003/9/4,25.9,8,1
2003/9/5,26.2,8,1
2003/9/6,27.7,8,1
2003/9/7,22.8,8,1
2003/9/8,23.9,8,1
2003/9/9,27.7,8,1
2003/9/10,29.4,8,1
2003/9/11,29.3,8,1
2003/9/12,29.4,8,1
2003/9/13,29.4,8,1
2003/9/14,28.9,8,1
2003/9/15,27.6,8,1
2003/9/16,24.6,8,1
2003/9/17,26.5,8,1
2003/9/18,26.8,8,1
2003/9/19,27.9,8,1
2003/9/20,21.4,8,1
2003/9/21,16.2,8,1
2003/9/22,16.6,8,1
2003/9/23,18.1,8,1
2003/9/24,17.7,8,1
2003/9/25,18.0,8,1
2003/9/26,21.8,8,1
2003/9/27,22.4,8,1
2003/9/28,21.0,8,1
2003/9/29,21.3,8,1
2003/9/30,20.4,8,1
2003/10/1,20.9,8,1
2003/10/2,22.9,8,1
2003/10/3,21.1,8,1
2003/10/4,18.9,8,1
2003/10/5,18.3,8,1
2003/10/6,17.0,8,1
2003/10/7,17.0,8,1
2003/10/8,16.7,8,1
2003/10/9,16.6,8,1
2003/10/10,17.4,8,1
2003/10/11,19.4,8,1
2003/10/12,20.5,8,1
2003/10/13,23.4,8,1
2003/10/14,15.8,8,1
2003/10/15,15.8,8,1
2003/10/16,17.8,8,1
2003/10/17,16.5,8,1
2003/10/18,15.7,8,1
2003/10/19,17.1,8,1
2003/10/20,16.3,8,1
2003/10/21,17.3,8,1
2003/10/22,16.0,8,1
2003/10/23,17.8,8,1
2003/10/24,16.2,8,1
2003/10/25,15.3,8,1
2003/10/26,16.8,8,1
2003/10/27,16.3,8,1
2003/10/28,14.9,8,1
2003/10/29,20.0,8,1
2003/10/30,18.7,8,1
2003/10/31,17.4,8,1
2003/11/1,17.2,8,1
2003/11/2,19.0,8,1
2003/11/3,18.0,8,1
2003/11/4,18.7,8,1
2003/11/5,17.4,8,1
2003/11/6,17.2,8,1
2003/11/7,18.5,8,1
2003/11/8,18.6,8,1
2003/11/9,15.2,8,1
2003/11/10,11.8,8,1
2003/11/11,11.4,8,1
2003/11/12,14.0,8,1
2003/11/13,13.1,8,1
2003/11/14,12.7,8,1
2003/11/15,13.8,8,1
2003/11/16,19.3,8,1
2003/11/17,14.0,8,1
2003/11/18,12.3,8,1
2003/11/19,13.5,8,1
2003/11/20,11.7,8,1
2003/11/21,17.2,8,1
2003/11/22,15.0,8,1
2003/11/23,10.5,8,1
2003/11/24,10.3,8,1
2003/11/25,11.5,8,1
2003/11/26,12.5,8,1
2003/11/27,9.5,8,1
2003/11/28,11.3,8,1
2003/11/29,11.6,8,1
2003/11/30,15.7,8,1
2003/12/1,13.0,8,1
2003/12/2,14.1,8,1
2003/12/3,11.8,8,1
2003/12/4,11.4,8,1
2003/12/5,8.1,8,1
2003/12/6,10.6,8,1
2003/12/7,11.9,8,1
2003/12/8,10.0,8,1
2003/12/9,9.4,8,1
2003/12/10,8.7,8,1
2003/12/11,6.2,8,1
2003/12/12,8.2,8,1
2003/12/13,9.9,8,1
2003/12/14,9.9,8,1
2003/12/15,9.4,8,1
2003/12/16,9.2,8,1
2003/12/17,6.4,8,1
2003/12/18,9.0,8,1
2003/12/19,9.3,8,1
2003/12/20,6.0,8,1
2003/12/21,7.3,8,1
2003/12/22,7.5,8,1
2003/12/23,10.2,8,1
2003/12/24,10.9,8,1
2003/12/25,11.0,8,1
2003/12/26,10.2,8,1
2003/12/27,4.3,8,1
2003/12/28,7.0,8,1
2003/12/29,8.1,8,1
2003/12/30,9.0,8,1
2003/12/31,8.2,8,1
2004/1/1,10.2,8,1
2004/1/2,9.9,8,1
2004/1/3,9.6,8,1
2004/1/4,8.5,8,1
2004/1/5,6.8,8,1
2004/1/6,6.9,8,1
2004/1/7,5.8,8,1
2004/1/8,5.7,8,1
2004/1/9,6.6,8,1
2004/1/10,5.9,8,1
2004/1/11,5.9,8,1
2004/1/12,4.8,8,1
2004/1/13,6.4,8,1
2004/1/14,5.0,8,1
2004/1/15,5.1,8,1
2004/1/16,4.4,8,1
2004/1/17,3.1,8,1
2004/1/18,5.4,8,1
2004/1/19,5.0,8,1
2004/1/20,8.2,8,1
2004/1/21,7.9,8,1
2004/1/22,4.8,8,1
2004/1/23,4.7,8,1
2004/1/24,4.9,8,1
2004/1/25,5.0,8,1
2004/1/26,5.6,8,1
2004/1/27,5.2,8,1
2004/1/28,6.8,8,1
2004/1/29,7.6,8,1
2004/1/30,7.5,8,1
2004/1/31,7.4,8,1
2004/2/1,7.0,8,1
2004/2/2,5.8,8,1
2004/2/3,8.2,8,1
2004/2/4,7.0,8,1
2004/2/5,6.4,8,1
2004/2/6,5.6,8,1
2004/2/7,5.5,8,1
2004/2/8,5.6,8,1
2004/2/9,6.9,8,1
2004/2/10,4.4,8,1
2004/2/11,5.8,8,1
2004/2/12,8.0,8,1
2004/2/13,7.9,8,1
2004/2/14,10.5,8,1
2004/2/15,9.1,8,1
2004/2/16,7.7,8,1
2004/2/17,8.2,8,1
2004/2/18,8.8,8,1
2004/2/19,9.7,8,1
2004/2/20,8.8,8,1
2004/2/21,12.1,8,1
2004/2/22,15.8,8,1
2004/2/23,12.0,8,1
2004/2/24,8.9,8,1
2004/2/25,12.0,8,1
2004/2/26,11.8,8,1
2004/2/27,6.8,8,1
2004/2/28,8.6,8,1
2004/2/29,11.9,8,1
2004/3/1,5.2,8,1
2004/3/2,6.3,8,1
2004/3/3,5.4,8,1
2004/3/4,5.8,8,1
2004/3/5,7.2,8,1
2004/3/6,8.2,8,1
2004/3/7,5.2,8,1
2004/3/8,6.5,8,1
2004/3/9,8.7,8,1
2004/3/10,12.4,8,1
2004/3/11,17.5,8,1
2004/3/12,9.8,8,1
2004/3/13,10.8,8,1
2004/3/14,10.8,8,1
2004/3/15,10.5,8,1
2004/3/16,12.3,8,1
2004/3/17,17.2,8,1
2004/3/18,12.6,8,1
2004/3/19,7.2,8,1
2004/3/20,4.8,8,1
2004/3/21,7.8,8,1
2004/3/22,6.1,8,1
2004/3/23,6.2,8,1
2004/3/24,7.5,8,1
2004/3/25,10.0,8,1
2004/3/26,10.0,8,1
2004/3/27,11.3,8,1
2004/3/28,12.5,8,1
2004/3/29,15.9,8,1
2004/3/30,16.5,8,1
2004/3/31,16.3,8,1
2004/4/1,13.9,8,1
2004/4/2,16.8,8,1
2004/4/3,14.8,8,1
2004/4/4,6.9,8,1
2004/4/5,10.2,8,1
2004/4/6,14.1,8,1
2004/4/7,17.6,8,1
2004/4/8,13.2,8,1
2004/4/9,14.9,8,1
2004/4/10,17.3,8,1
2004/4/11,17.8,8,1
2004/4/12,19.6,8,1
2004/4/13,11.4,8,1
2004/4/14,12.8,8,1
2004/4/15,15.9,8,1
2004/4/16,18.1,8,1
2004/4/17,21.2,8,1
2004/4/18,17.2,8,1
2004/4/19,19.3,8,1
2004/4/20,21.1,8,1
2004/4/21,19.7,8,1
2004/4/22,22.0,8,1
2004/4/23,18.1,8,1
2004/4/24,13.5,8,1
2004/4/25,14.0,8,1
2004/4/26,17.3,8,1
2004/4/27,19.0,8,1
2004/4/28,17.2,8,1
2004/4/29,17.6,8,1
2004/4/30,19.6,8,1
2004/5/1,18.2,8,1
2004/5/2,12.9,8,1
2004/5/3,15.1,8,1
2004/5/4,21.2,8,1
2004/5/5,13.2,8,1
2004/5/6,13.9,8,1
2004/5/7,18.9,8,1
2004/5/8,19.7,8,1
2004/5/9,18.4,8,1
2004/5/10,18.5,8,1
2004/5/11,24.4,8,1
2004/5/12,21.0,8,1
2004/5/13,22.4,8,1
2004/5/14,22.1,8,1
2004/5/15,19.7,8,1
2004/5/16,18.9,8,1
2004/5/17,23.9,8,1
2004/5/18,21.6,8,1
2004/5/19,19.5,8,1
2004/5/20,16.1,8,1
2004/5/21,18.9,8,1
2004/5/22,13.0,8,1
2004/5/23,13.8,8,1
2004/5/24,17.7,8,1
2004/5/25,19.8,8,1
2004/5/26,21.7,8,1
2004/5/27,22.4,8,1
2004/5/28,22.7,8,1
2004/5/29,24.6,8,1
2004/5/30,26.3,8,1
2004/5/31,26.1,8,1
2004/6/1,18.0,8,1
2004/6/2,20.5,8,1
2004/6/3,21.3,8,1
2004/6/4,22.3,8,1
2004/6/5,23.0,8,1
2004/6/6,21.8,8,1
2004/6/7,23.4,8,1
2004/6/8,22.9,8,1
2004/6/9,18.4,8,1
2004/6/10,22.6,8,1
2004/6/11,20.7,8,1
2004/6/12,22.7,8,1
2004/6/13,20.7,8,1
2004/6/14,22.5,8,1
2004/6/15,25.0,8,1
2004/6/16,21.1,8,1
2004/6/17,22.1,8,1
2004/6/18,25.4,8,1
2004/6/19,25.7,8,1
2004/6/20,27.1,8,1
2004/6/21,25.9,8,1
2004/6/22,28.0,8,1
2004/6/23,28.0,8,1
2004/6/24,27.9,8,1
2004/6/25,25.9,8,1
2004/6/26,26.4,8,1
2004/6/27,23.3,8,1
2004/6/28,25.9,8,1
2004/6/29,27.4,8,1
2004/6/30,25.8,8,1
2004/7/1,25.4,8,1
2004/7/2,23.0,8,1
2004/7/3,23.5,8,1
2004/7/4,25.2,8,1
2004/7/5,27.2,8,1
2004/7/6,28.8,8,1
2004/7/7,30.7,8,1
2004/7/8,30.8,8,1
2004/7/9,29.8,8,1
2004/7/10,28.4,8,1
2004/7/11,27.2,8,1
2004/7/12,26.3,8,1
2004/7/13,28.6,8,1
2004/7/14,26.4,8,1
2004/7/15,29.2,8,1
2004/7/16,28.8,8,1
2004/7/17,30.1,8,1
2004/7/18,29.8,8,1
2004/7/19,30.6,8,1
2004/7/20,33.1,8,1
2004/7/21,32.5,8,1
2004/7/22,28.8,8,1
2004/7/23,28.8,8,1
2004/7/24,30.0,8,1
2004/7/25,29.7,8,1
2004/7/26,28.2,8,1
2004/7/27,29.3,8,1
2004/7/28,28.2,8,1
2004/7/29,27.4,8,1
2004/7/30,28.2,8,1
2004/7/31,28.1,8,1
2004/8/1,28.1,8,1
2004/8/2,28.2,8,1
2004/8/3,28.4,8,1
2004/8/4,28.9,8,1
2004/8/5,28.3,8,1
2004/8/6,28.9,8,1
2004/8/7,28.2,8,1
2004/8/8,28.2,8,1
2004/8/9,28.7,8,1
2004/8/10,29.2,8,1
2004/8/11,28.2,8,1
2004/8/12,28.9,8,1
2004/8/13,29.7,8,1
2004/8/14,30.4,8,1
2004/8/15,21.2,8,1
2004/8/16,25.5,8,1
2004/8/17,27.0,8,1
2004/8/18,30.3,8,1
2004/8/19,30.9,8,1
2004/8/20,30.8,8,1
2004/8/21,26.6,8,1
2004/8/22,26.3,8,1
2004/8/23,21.5,8,1
2004/8/24,26.3,8,1
2004/8/25,25.8,8,1
2004/8/26,26.2,8,1
2004/8/27,24.3,8,1
2004/8/28,21.6,8,1
2004/8/29,19.9,8,1
2004/8/30,25.5,8,1
2004/8/31,30.0,8,1
2004/9/1,28.6,8,1
2004/9/2,27.5,8,1
2004/9/3,26.5,8,1
2004/9/4,24.2,8,1
2004/9/5,22.6,8,1
2004/9/6,26.0,8,1
2004/9/7,28.2,8,1
2004/9/8,29.6,8,1
2004/9/9,25.9,8,1
2004/9/10,24.9,8,1
2004/9/11,23.6,8,1
2004/9/12,24.3,8,1
2004/9/13,26.7,8,1
2004/9/14,28.8,8,1
2004/9/15,22.6,8,1
2004/9/16,22.7,8,1
2004/9/17,26.1,8,1
2004/9/18,26.1,8,1
2004/9/19,27.3,8,1
2004/9/20,26.6,8,1
2004/9/21,28.2,8,1
2004/9/22,27.5,8,1
2004/9/23,23.4,8,1
2004/9/24,23.1,8,1
2004/9/25,23.8,8,1
2004/9/26,20.8,8,1
2004/9/27,19.4,8,1
2004/9/28,21.9,8,1
2004/9/29,21.5,8,1
2004/9/30,25.9,8,1
2004/10/1,22.9,8,1
2004/10/2,24.0,8,1
2004/10/3,18.8,8,1
2004/10/4,16.8,8,1
2004/10/5,16.5,8,1
2004/10/6,20.2,8,1
2004/10/7,20.1,8,1
2004/10/8,17.3,8,1
2004/10/9,17.2,8,1
2004/10/10,18.6,8,1
2004/10/11,18.8,8,1
2004/10/12,20.2,8,1
2004/10/13,19.5,8,1
2004/10/14,17.2,8,1
2004/10/15,18.1,8,1
2004/10/16,15.5,8,1
2004/10/17,16.5,8,1
2004/10/18,16.8,8,1
2004/10/19,16.0,8,1
2004/10/20,17.2,8,1
2004/10/21,18.8,8,1
2004/10/22,19.2,8,1
2004/10/23,17.9,8,1
2004/10/24,15.6,8,1
2004/10/25,17.9,8,1
2004/10/26,15.9,8,1
2004/10/27,13.2,8,1
2004/10/28,12.7,8,1
2004/10/29,13.8,8,1
2004/10/30,13.1,8,1
2004/10/31,17.3,8,1
2004/11/1,19.3,8,1
2004/11/2,18.8,8,1
2004/11/3,19.2,8,1
2004/11/4,18.1,8,1
2004/11/5,17.7,8,1
2004/11/6,18.1,8,1
2004/11/7,17.5,8,1
2004/11/8,16.8,8,1
2004/11/9,17.3,8,1
2004/11/10,17.7,8,1
2004/11/11,19.0,8,1
2004/11/12,18.3,8,1
2004/11/13,15.4,8,1
2004/11/14,13.1,8,1
2004/11/15,12.7,8,1
2004/11/16,14.1,8,1
2004/11/17,14.0,8,1
2004/11/18,12.8,8,1
2004/11/19,13.2,8,1
2004/11/20,15.2,8,1
2004/11/21,14.2,8,1
2004/11/22,14.5,8,1
2004/11/23,13.9,8,1
2004/11/24,14.7,8,1
2004/11/25,15.1,8,1
2004/11/26,14.7,8,1
2004/11/27,16.7,8,1
2004/11/28,14.4,8,1
2004/11/29,12.1,8,1
2004/11/30,10.7,8,1
2004/12/1,11.2,8,1
2004/12/2,12.1,8,1
2004/12/3,10.7,8,1
2004/12/4,10.7,8,1
2004/12/5,17.5,8,1
2004/12/6,11.8,8,1
2004/12/7,11.9,8,1
2004/12/8,12.6,8,1
2004/12/9,10.6,8,1
2004/12/10,12.5,8,1
2004/12/11,13.5,8,1
2004/12/12,8.4,8,1
2004/12/13,11.9,8,1
2004/12/14,9.8,8,1
2004/12/15,10.3,8,1
2004/12/16,13.3,8,1
2004/12/17,10.2,8,1
2004/12/18,9.9,8,1
2004/12/19,10.3,8,1
2004/12/20,10.2,8,1
2004/12/21,10.6,8,1
2004/12/22,9.3,8,1
2004/12/23,7.9,8,1
2004/12/24,7.6,8,1
2004/12/25,8.3,8,1
2004/12/26,7.4,8,1
2004/12/27,7.5,8,1
2004/12/28,7.7,8,1
2004/12/29,3.2,8,1
2004/12/30,5.3,8,1
2004/12/31,2.1,8,1
2005/1/1,4.5,8,1
2005/1/2,4.8,8,1
2005/1/3,7.3,8,1
2005/1/4,11.6,8,1
2005/1/5,5.3,8,1
2005/1/6,3.4,8,1
2005/1/7,7.8,8,1
2005/1/8,6.0,8,1
2005/1/9,4.6,8,1
2005/1/10,5.4,8,1
2005/1/11,6.2,8,1
2005/1/12,4.3,8,1
2005/1/13,6.4,8,1
2005/1/14,7.1,8,1
2005/1/15,4.1,8,1
2005/1/16,5.3,8,1
2005/1/17,7.4,8,1
2005/1/18,8.4,8,1
2005/1/19,7.4,8,1
2005/1/20,6.8,8,1
2005/1/21,6.3,8,1
2005/1/22,5.6,8,1
2005/1/23,3.3,8,1
2005/1/24,5.4,8,1
2005/1/25,8.1,8,1
2005/1/26,4.0,8,1
2005/1/27,6.0,8,1
2005/1/28,6.7,8,1
2005/1/29,7.6,8,1
2005/1/30,6.9,8,1
2005/1/31,6.0,8,1
2005/2/1,4.4,8,1
2005/2/2,4.8,8,1
2005/2/3,5.2,8,1
2005/2/4,7.2,8,1
2005/2/5,6.4,8,1
2005/2/6,6.1,8,1
2005/2/7,6.0,8,1
2005/2/8,4.5,8,1
2005/2/9,7.5,8,1
2005/2/10,9.0,8,1
2005/2/11,5.5,8,1
2005/2/12,5.3,8,1
2005/2/13,5.0,8,1
2005/2/14,6.1,8,1
2005/2/15,8.2,8,1
2005/2/16,4.5,8,1
2005/2/17,8.2,8,1
2005/2/18,6.2,8,1
2005/2/19,3.2,8,1
2005/2/20,7.7,8,1
2005/2/21,6.0,8,1
2005/2/22,6.9,8,1
2005/2/23,12.1,8,1
2005/2/24,7.1,8,1
2005/2/25,3.6,8,1
2005/2/26,4.4,8,1
2005/2/27,4.7,8,1
2005/2/28,6.4,8,1
2005/3/1,5.3,8,1
2005/3/2,5.7,8,1
2005/3/3,5.5,8,1
2005/3/4,2.1,8,1
2005/3/5,4.6,8,1
2005/3/6,3.8,8,1
2005/3/7,7.1,8,1
2005/3/8,10.6,8,1
2005/3/9,12.0,8,1
2005/3/10,9.4,8,1
2005/3/11,9.4,8,1
2005/3/12,10.0,8,1
2005/3/13,4.9,8,1
2005/3/14,6.1,8,1
2005/3/15,7.6,8,1
2005/3/16,11.8,8,1
2005/3/17,12.1,8,1
2005/3/18,12.8,8,1
2005/3/19,9.1,8,1
2005/3/20,8.1,8,1
2005/3/21,11.5,8,1
2005/3/22,13.6,8,1
2005/3/23,10.8,8,1
2005/3/24,10.9,8,1
2005/3/25,8.0,8,1
2005/3/26,8.7,8,1
2005/3/27,12.4,8,1
2005/3/28,11.0,8,1
2005/3/29,11.6,8,1
2005/3/30,10.4,8,1
2005/3/31,11.0,8,1
2005/4/1,11.7,8,1
2005/4/2,11.2,8,1
2005/4/3,14.9,8,1
2005/4/4,8.5,8,1
2005/4/5,12.6,8,1
2005/4/6,17.8,8,1
2005/4/7,20.1,8,1
2005/4/8,19.3,8,1
2005/4/9,15.3,8,1
2005/4/10,18.2,8,1
2005/4/11,13.3,8,1
2005/4/12,7.8,8,1
2005/4/13,9.0,8,1
2005/4/14,13.6,8,1
2005/4/15,16.4,8,1
2005/4/16,14.6,8,1
2005/4/17,16.3,8,1
2005/4/18,13.8,8,1
2005/4/19,15.2,8,1
2005/4/20,12.8,8,1
2005/4/21,15.7,8,1
2005/4/22,14.9,8,1
2005/4/23,15.5,8,1
2005/4/24,13.7,8,1
2005/4/25,14.8,8,1
2005/4/26,15.6,8,1
2005/4/27,16.6,8,1
2005/4/28,21.3,8,1
2005/4/29,23.0,8,1
2005/4/30,19.6,8,1
2005/5/1,20.0,8,1
2005/5/2,20.5,8,1
2005/5/3,17.5,8,1
2005/5/4,19.3,8,1
2005/5/5,19.3,8,1
2005/5/6,13.3,8,1
2005/5/7,15.1,8,1
2005/5/8,15.7,8,1
2005/5/9,18.0,8,1
2005/5/10,18.3,8,1
2005/5/11,13.8,8,1
2005/5/12,13.6,8,1
2005/5/13,12.6,8,1
2005/5/14,12.9,8,1
2005/5/15,14.9,8,1
2005/5/16,16.2,8,1
2005/5/17,16.1,8,1
2005/5/18,19.4,8,1
2005/5/19,22.7,8,1
2005/5/20,19.3,8,1
2005/5/21,20.5,8,1
2005/5/22,20.3,8,1
2005/5/23,19.7,8,1
2005/5/24,17.9,8,1
2005/5/25,17.2,8,1
2005/5/26,18.6,8,1
2005/5/27,20.2,8,1
2005/5/28,20.9,8,1
2005/5/29,17.8,8,1
2005/5/30,17.0,8,1
2005/5/31,19.2,8,1
2005/6/1,22.1,8,1
2005/6/2,20.6,8,1
2005/6/3,19.1,8,1
2005/6/4,18.6,8,1
2005/6/5,21.1,8,1
2005/6/6,22.1,8,1
2005/6/7,20.5,8,1
2005/6/8,21.6,8,1
2005/6/9,22.8,8,1
2005/6/10,21.2,8,1
2005/6/11,22.5,8,1
2005/6/12,25.2,8,1
2005/6/13,23.7,8,1
2005/6/14,21.4,8,1
2005/6/15,19.5,8,1
2005/6/16,19.1,8,1
2005/6/17,20.7,8,1
2005/6/18,22.6,8,1
2005/6/19,23.3,8,1
2005/6/20,24.8,8,1
2005/6/21,25.1,8,1
2005/6/22,23.1,8,1
2005/6/23,24.2,8,1
2005/6/24,26.3,8,1
2005/6/25,27.1,8,1
2005/6/26,27.2,8,1
2005/6/27,29.0,8,1
2005/6/28,30.8,8,1
2005/6/29,24.5,8,1
2005/6/30,24.7,8,1
2005/7/1,25.3,8,1
2005/7/2,25.8,8,1
2005/7/3,20.8,8,1
2005/7/4,20.9,8,1
2005/7/5,24.3,8,1
2005/7/6,21.7,8,1
2005/7/7,24.4,8,1
2005/7/8,23.8,8,1
2005/7/9,21.3,8,1
2005/7/10,26.5,8,1
2005/7/11,28.5,8,1
2005/7/12,21.9,8,1
2005/7/13,21.9,8,1
2005/7/14,23.1,8,1
2005/7/15,27.1,8,1
2005/7/16,27.8,8,1
2005/7/17,28.0,8,1
2005/7/18,29.0,8,1
2005/7/19,29.3,8,1
2005/7/20,26.5,8,1
2005/7/21,26.9,8,1
2005/7/22,25.1,8,1
2005/7/23,23.1,8,1
2005/7/24,24.6,8,1
2005/7/25,27.4,8,1
2005/7/26,25.4,8,1
2005/7/27,30.3,8,1
2005/7/28,28.2,8,1
2005/7/29,28.1,8,1
2005/7/30,28.8,8,1
2005/7/31,28.3,8,1
2005/8/1,28.4,8,1
2005/8/2,28.1,8,1
2005/8/3,28.9,8,1
2005/8/4,30.4,8,1
2005/8/5,31.0,8,1
2005/8/6,30.3,8,1
2005/8/7,29.7,8,1
2005/8/8,29.1,8,1
2005/8/9,28.2,8,1
2005/8/10,28.0,8,1
2005/8/11,28.2,8,1
2005/8/12,27.2,8,1
2005/8/13,26.8,8,1
2005/8/14,28.4,8,1
2005/8/15,29.2,8,1
2005/8/16,26.5,8,1
2005/8/17,27.4,8,1
2005/8/18,28.4,8,1
2005/8/19,29.7,8,1
2005/8/20,29.7,8,1
2005/8/21,29.4,8,1
2005/8/22,28.4,8,1
2005/8/23,27.7,8,1
2005/8/24,24.3,8,1
2005/8/25,24.6,8,1
2005/8/26,29.3,8,1
2005/8/27,28.3,8,1
2005/8/28,25.1,8,1
2005/8/29,26.7,8,1
2005/8/30,26.5,8,1
2005/8/31,25.7,8,1
2005/9/1,27.3,8,1
2005/9/2,28.3,8,1
2005/9/3,28.2,8,1
2005/9/4,26.7,8,1
2005/9/5,23.8,8,1
2005/9/6,24.6,8,1
2005/9/7,27.4,8,1
2005/9/8,28.7,8,1
2005/9/9,25.2,8,1
2005/9/10,27.2,8,1
2005/9/11,25.7,8,1
2005/9/12,26.5,8,1
2005/9/13,28.4,8,1
2005/9/14,28.8,8,1
2005/9/15,24.6,8,1
2005/9/16,22.7,8,1
2005/9/17,23.4,8,1
2005/9/18,25.5,8,1
2005/9/19,26.4,8,1
2005/9/20,25.0,8,1
2005/9/21,24.0,8,1
2005/9/22,22.2,8,1
2005/9/23,25.2,8,1
2005/9/24,22.5,8,1
2005/9/25,20.3,8,1
2005/9/26,21.6,8,1
2005/9/27,20.2,8,1
2005/9/28,19.9,8,1
2005/9/29,20.2,8,1
2005/9/30,20.7,8,1
2005/10/1,22.5,8,1
2005/10/2,25.5,8,1
2005/10/3,23.7,8,1
2005/10/4,19.5,8,1
2005/10/5,19.1,8,1
2005/10/6,19.5,8,1
2005/10/7,21.7,8,1
2005/10/8,23.3,8,1
2005/10/9,19.0,8,1
2005/10/10,17.6,8,1
2005/10/11,19.2,8,1
2005/10/12,19.4,8,1
2005/10/13,19.4,8,1
2005/10/14,21.4,8,1
2005/10/15,22.2,8,1
2005/10/16,19.2,8,1
2005/10/17,17.9,8,1
2005/10/18,17.1,8,1
2005/10/19,17.8,8,1
2005/10/20,18.7,8,1
2005/10/21,18.7,8,1
2005/10/22,17.2,8,1
2005/10/23,17.6,8,1
2005/10/24,18.7,8,1
2005/10/25,19.2,8,1
2005/10/26,16.2,8,1
2005/10/27,15.7,8,1
2005/10/28,17.5,8,1
2005/10/29,18.2,8,1
2005/10/30,17.5,8,1
2005/10/31,15.2,8,1
2005/11/1,14.6,8,1
2005/11/2,14.7,8,1
2005/11/3,15.6,8,1
2005/11/4,17.0,8,1
2005/11/5,17.4,8,1
2005/11/6,14.8,8,1
2005/11/7,18.7,8,1
2005/11/8,17.7,8,1
2005/11/9,15.5,8,1
2005/11/10,14.8,8,1
2005/11/11,13.4,8,1
2005/11/12,14.0,8,1
2005/11/13,13.8,8,1
2005/11/14,12.9,8,1
2005/11/15,10.7,8,1
2005/11/16,11.1,8,1
2005/11/17,10.3,8,1
2005/11/18,10.4,8,1
2005/11/19,10.8,8,1
2005/11/20,10.0,8,1
2005/11/21,9.3,8,1
2005/11/22,10.5,8,1
2005/11/23,11.4,8,1
2005/11/24,12.6,8,1
2005/11/25,12.1,8,1
2005/11/26,12.4,8,1
2005/11/27,12.0,8,1
2005/11/28,13.1,8,1
2005/11/29,14.8,8,1
2005/11/30,11.3,8,1
2005/12/1,9.8,8,1
2005/12/2,10.5,8,1
2005/12/3,8.4,8,1
2005/12/4,6.8,8,1
2005/12/5,7.9,8,1
2005/12/6,7.2,8,1
2005/12/7,8.3,8,1
2005/12/8,8.1,8,1
2005/12/9,9.2,8,1
2005/12/10,9.5,8,1
2005/12/11,6.5,8,1
2005/12/12,5.6,8,1
2005/12/13,5.4,8,1
2005/12/14,5.5,8,1
2005/12/15,5.2,8,1
2005/12/16,6.2,8,1
2005/12/17,6.9,8,1
2005/12/18,3.6,8,1
2005/12/19,4.2,8,1
2005/12/20,6.4,8,1
2005/12/21,7.0,8,1
2005/12/22,5.4,8,1
2005/12/23,5.3,8,1
2005/12/24,4.6,8,1
2005/12/25,5.3,8,1
2005/12/26,5.6,8,1
2005/12/27,4.8,8,1
2005/12/28,4.7,8,1
2005/12/29,5.2,8,1
2005/12/30,5.3,8,1
2005/12/31,5.1,8,1
2006/1/1,3.6,8,1
2006/1/2,4.0,8,1
2006/1/3,3.7,8,1
2006/1/4,4.0,8,1
2006/1/5,3.6,8,1
2006/1/6,2.1,8,1
2006/1/7,2.8,8,1
2006/1/8,4.2,8,1
2006/1/9,3.7,8,1
2006/1/10,4.3,8,1
2006/1/11,6.1,8,1
2006/1/12,6.1,8,1
2006/1/13,4.0,8,1
2006/1/14,6.6,8,1
2006/1/15,10.7,8,1
2006/1/16,9.0,8,1
2006/1/17,8.0,8,1
2006/1/18,5.6,8,1
2006/1/19,4.2,8,1
2006/1/20,4.0,8,1
2006/1/21,1.3,8,1
2006/1/22,3.1,8,1
2006/1/23,2.5,8,1
2006/1/24,4.4,8,1
2006/1/25,5.5,8,1
2006/1/26,6.0,8,1
2006/1/27,6.8,8,1
2006/1/28,5.5,8,1
2006/1/29,6.0,8,1
2006/1/30,8.4,8,1
2006/1/31,7.1,8,1
2006/2/1,5.7,8,1
2006/2/2,7.8,8,1
2006/2/3,6.0,8,1
2006/2/4,1.6,8,1
2006/2/5,1.9,8,1
2006/2/6,2.0,8,1
2006/2/7,3.6,8,1
2006/2/8,7.9,8,1
2006/2/9,4.6,8,1
2006/2/10,5.6,8,1
2006/2/11,7.5,8,1
2006/2/12,4.6,8,1
2006/2/13,5.7,8,1
2006/2/14,10.5,8,1
2006/2/15,14.1,8,1
2006/2/16,7.5,8,1
2006/2/17,7.0,8,1
2006/2/18,4.4,8,1
2006/2/19,7.0,8,1
2006/2/20,6.4,8,1
2006/2/21,8.0,8,1
2006/2/22,10.8,8,1
2006/2/23,11.2,8,1
2006/2/24,6.5,8,1
2006/2/25,7.8,8,1
2006/2/26,7.5,8,1
2006/2/27,8.6,8,1
2006/2/28,4.6,8,1
2006/3/1,5.7,8,1
2006/3/2,8.2,8,1
2006/3/3,6.4,8,1
2006/3/4,6.7,8,1
2006/3/5,8.3,8,1
2006/3/6,11.8,8,1
2006/3/7,9.9,8,1
2006/3/8,12.3,8,1
2006/3/9,8.9,8,1
2006/3/10,8.0,8,1
2006/3/11,11.6,8,1
2006/3/12,13.8,8,1
2006/3/13,5.5,8,1
2006/3/14,5.3,8,1
2006/3/15,8.4,8,1
2006/3/16,11.7,8,1
2006/3/17,13.2,8,1
2006/3/18,12.3,8,1
2006/3/19,9.7,8,1
2006/3/20,8.5,8,1
2006/3/21,11.7,8,1
2006/3/22,10.3,8,1
2006/3/23,10.4,8,1
2006/3/24,11.2,8,1
2006/3/25,10.7,8,1
2006/3/26,13.6,8,1
2006/3/27,12.3,8,1
2006/3/28,13.0,8,1
2006/3/29,9.8,8,1
2006/3/30,8.0,8,1
2006/3/31,8.0,8,1
2006/4/1,10.7,8,1
2006/4/2,13.3,8,1
2006/4/3,13.8,8,1
2006/4/4,15.2,8,1
2006/4/5,11.6,8,1
2006/4/6,11.6,8,1
2006/4/7,9.8,8,1
2006/4/8,12.5,8,1
2006/4/9,12.9,8,1
2006/4/10,10.4,8,1
2006/4/11,11.6,8,1
2006/4/12,15.1,8,1
2006/4/13,17.4,8,1
2006/4/14,13.0,8,1
2006/4/15,10.1,8,1
2006/4/16,9.6,8,1
2006/4/17,13.7,8,1
2006/4/18,16.4,8,1
2006/4/19,17.8,8,1
2006/4/20,16.3,8,1
2006/4/21,12.9,8,1
2006/4/22,13.7,8,1
2006/4/23,14.4,8,1
2006/4/24,16.4,8,1
2006/4/25,12.1,8,1
2006/4/26,14.0,8,1
2006/4/27,13.0,8,1
2006/4/28,15.9,8,1
2006/4/29,15.8,8,1
2006/4/30,18.3,8,1
2006/5/1,23.1,8,1
2006/5/2,15.5,8,1
2006/5/3,13.5,8,1
2006/5/4,16.7,8,1
2006/5/5,20.0,8,1
2006/5/6,20.4,8,1
2006/5/7,18.8,8,1
2006/5/8,16.1,8,1
2006/5/9,15.0,8,1
2006/5/10,18.8,8,1
2006/5/11,21.2,8,1
2006/5/12,17.2,8,1
2006/5/13,12.9,8,1
2006/5/14,15.7,8,1
2006/5/15,19.1,8,1
2006/5/16,18.7,8,1
2006/5/17,18.5,8,1
2006/5/18,17.3,8,1
2006/5/19,19.0,8,1
2006/5/20,23.7,8,1
2006/5/21,21.7,8,1
2006/5/22,20.4,8,1
2006/5/23,20.9,8,1
2006/5/24,20.2,8,1
2006/5/25,18.5,8,1
2006/5/26,19.4,8,1
2006/5/27,17.8,8,1
2006/5/28,20.4,8,1
2006/5/29,22.7,8,1
2006/5/30,21.9,8,1
2006/5/31,22.7,8,1
2006/6/1,23.1,8,1
2006/6/2,22.2,8,1
2006/6/3,19.2,8,1
2006/6/4,18.3,8,1
2006/6/5,19.0,8,1
2006/6/6,20.4,8,1
2006/6/7,20.2,8,1
2006/6/8,20.1,8,1
2006/6/9,19.3,8,1
2006/6/10,23.2,8,1
2006/6/11,19.4,8,1
2006/6/12,20.5,8,1
2006/6/13,21.5,8,1
2006/6/14,22.6,8,1
2006/6/15,22.2,8,1
2006/6/16,22.4,8,1
2006/6/17,24.5,8,1
2006/6/18,21.3,8,1
2006/6/19,23.7,8,1
2006/6/20,24.9,8,1
2006/6/21,23.3,8,1
2006/6/22,23.6,8,1
2006/6/23,23.4,8,1
2006/6/24,24.8,8,1
2006/6/25,23.5,8,1
2006/6/26,22.9,8,1
2006/6/27,24.8,8,1
2006/6/28,26.5,8,1
2006/6/29,27.4,8,1
2006/6/30,26.6,8,1
2006/7/1,26.1,8,1
2006/7/2,26.6,8,1
2006/7/3,26.0,8,1
2006/7/4,25.3,8,1
2006/7/5,23.1,8,1
2006/7/6,24.7,8,1
2006/7/7,25.8,8,1
2006/7/8,26.0,8,1
2006/7/9,24.7,8,1
2006/7/10,26.2,8,1
2006/7/11,27.5,8,1
2006/7/12,28.3,8,1
2006/7/13,28.9,8,1
2006/7/14,30.4,8,1
2006/7/15,30.2,8,1
2006/7/16,28.3,8,1
2006/7/17,24.0,8,1
2006/7/18,21.6,8,1
2006/7/19,21.1,8,1
2006/7/20,22.4,8,1
2006/7/21,21.4,8,1
2006/7/22,23.7,8,1
2006/7/23,24.3,8,1
2006/7/24,24.0,8,1
2006/7/25,24.6,8,1
2006/7/26,27.8,8,1
2006/7/27,27.0,8,1
2006/7/28,26.7,8,1
2006/7/29,28.0,8,1
2006/7/30,25.0,8,1
2006/7/31,23.6,8,1
2006/8/1,22.9,8,1
2006/8/2,24.9,8,1
2006/8/3,27.5,8,1
2006/8/4,28.9,8,1
2006/8/5,30.0,8,1
2006/8/6,29.1,8,1
2006/8/7,29.7,8,1
2006/8/8,26.5,8,1
2006/8/9,25.5,8,1
2006/8/10,28.5,8,1
2006/8/11,27.7,8,1
2006/8/12,25.9,8,1
2006/8/13,26.6,8,1
2006/8/14,28.5,8,1
2006/8/15,26.4,8,1
2006/8/16,26.9,8,1
2006/8/17,28.7,8,1
2006/8/18,29.3,8,1
2006/8/19,29.9,8,1
2006/8/20,28.7,8,1
2006/8/21,28.9,8,1
2006/8/22,28.6,8,1
2006/8/23,28.6,8,1
2006/8/24,28.7,8,1
2006/8/25,28.0,8,1
2006/8/26,25.2,8,1
2006/8/27,25.4,8,1
2006/8/28,26.0,8,1
2006/8/29,27.8,8,1
2006/8/30,27.0,8,1
2006/8/31,27.1,8,1
2006/9/1,23.2,8,1
2006/9/2,24.6,8,1
2006/9/3,26.1,8,1
2006/9/4,26.5,8,1
2006/9/5,28.5,8,1
2006/9/6,24.1,8,1
2006/9/7,25.3,8,1
2006/9/8,26.2,8,1
2006/9/9,27.1,8,1
2006/9/10,29.1,8,1
2006/9/11,26.0,8,1
2006/9/12,21.8,8,1
2006/9/13,18.7,8,1
2006/9/14,19.2,8,1
2006/9/15,21.5,8,1
2006/9/16,22.1,8,1
2006/9/17,21.5,8,1
2006/9/18,24.3,8,1
2006/9/19,27.1,8,1
2006/9/20,25.4,8,1
2006/9/21,24.3,8,1
2006/9/22,22.7,8,1
2006/9/23,21.3,8,1
2006/9/24,21.0,8,1
2006/9/25,21.2,8,1
2006/9/26,19.1,8,1
2006/9/27,20.1,8,1
2006/9/28,23.6,8,1
2006/9/29,22.3,8,1
2006/9/30,22.5,8,1
2006/10/1,20.7,8,1
2006/10/2,18.7,8,1
2006/10/3,22.1,8,1
2006/10/4,22.3,8,1
2006/10/5,20.0,8,1
2006/10/6,17.0,8,1
2006/10/7,20.9,8,1
2006/10/8,21.3,8,1
2006/10/9,21.2,8,1
2006/10/10,21.3,8,1
2006/10/11,22.0,8,1
2006/10/12,22.8,8,1
2006/10/13,20.3,8,1
2006/10/14,18.6,8,1
2006/10/15,17.6,8,1
2006/10/16,20.2,8,1
2006/10/17,20.8,8,1
2006/10/18,19.6,8,1
2006/10/19,20.2,8,1
2006/10/20,20.7,8,1
2006/10/21,19.5,8,1
2006/10/22,18.8,8,1
2006/10/23,16.4,8,1
2006/10/24,13.4,8,1
2006/10/25,17.0,8,1
2006/10/26,18.9,8,1
2006/10/27,18.1,8,1
2006/10/28,19.0,8,1
2006/10/29,19.0,8,1
2006/10/30,18.7,8,1
2006/10/31,18.7,8,1
2006/11/1,18.6,8,1
2006/11/2,16.6,8,1
2006/11/3,17.4,8,1
2006/11/4,17.4,8,1
2006/11/5,17.5,8,1
2006/11/6,18.7,8,1
2006/11/7,18.5,8,1
2006/11/8,15.2,8,1
2006/11/9,16.3,8,1
2006/11/10,18.0,8,1
2006/11/11,15.5,8,1
2006/11/12,13.1,8,1
2006/11/13,13.7,8,1
2006/11/14,16.9,8,1
2006/11/15,14.9,8,1
2006/11/16,12.9,8,1
2006/11/17,11.4,8,1
2006/11/18,11.7,8,1
2006/11/19,10.0,8,1
2006/11/20,12.7,8,1
2006/11/21,15.0,8,1
2006/11/22,14.9,8,1
2006/11/23,12.0,8,1
2006/11/24,10.8,8,1
2006/11/25,9.6,8,1
2006/11/26,10.0,8,1
2006/11/27,14.1,8,1
2006/11/28,12.6,8,1
2006/11/29,14.4,8,1
2006/11/30,11.2,8,1
2006/12/1,11.0,8,1
2006/12/2,11.4,8,1
2006/12/3,9.1,8,1
2006/12/4,8.6,8,1
2006/12/5,8.2,8,1
2006/12/6,9.1,8,1
2006/12/7,9.1,8,1
2006/12/8,10.7,8,1
2006/12/9,7.2,8,1
2006/12/10,9.5,8,1
2006/12/11,9.9,8,1
2006/12/12,7.7,8,1
2006/12/13,10.3,8,1
2006/12/14,11.3,8,1
2006/12/15,11.3,8,1
2006/12/16,13.0,8,1
2006/12/17,11.9,8,1
2006/12/18,8.6,8,1
2006/12/19,7.2,8,1
2006/12/20,8.6,8,1
2006/12/21,9.3,8,1
2006/12/22,9.5,8,1
2006/12/23,9.4,8,1
2006/12/24,9.5,8,1
2006/12/25,8.6,8,1
2006/12/26,8.1,8,1
2006/12/27,14.7,8,1
2006/12/28,11.5,8,1
2006/12/29,6.4,8,1
2006/12/30,6.8,8,1
2006/12/31,6.8,8,1
2007/1/1,5.8,8,1
2007/1/2,8.3,8,1
2007/1/3,8.6,8,1
2007/1/4,7.5,8,1
2007/1/5,7.1,8,1
2007/1/6,6.1,8,1
2007/1/7,8.7,8,1
2007/1/8,7.1,8,1
2007/1/9,7.0,8,1
2007/1/10,7.4,8,1
2007/1/11,7.4,8,1
2007/1/12,6.7,8,1
2007/1/13,6.9,8,1
2007/1/14,6.5,8,1
2007/1/15,7.9,8,1
2007/1/16,8.0,8,1
2007/1/17,7.0,8,1
2007/1/18,8.1,8,1
2007/1/19,7.5,8,1
2007/1/20,5.0,8,1
2007/1/21,6.7,8,1
2007/1/22,7.4,8,1
2007/1/23,8.2,8,1
2007/1/24,7.6,8,1
2007/1/25,7.9,8,1
2007/1/26,8.4,8,1
2007/1/27,10.1,8,1
2007/1/28,8.9,8,1
2007/1/29,7.7,8,1
2007/1/30,9.0,8,1
2007/1/31,10.3,8,1
2007/2/1,8.5,8,1
2007/2/2,6.3,8,1
2007/2/3,7.3,8,1
2007/2/4,7.4,8,1
2007/2/5,8.5,8,1
2007/2/6,11.2,8,1
2007/2/7,10.2,8,1
2007/2/8,9.8,8,1
2007/2/9,10.3,8,1
2007/2/10,10.8,8,1
2007/2/11,8.8,8,1
2007/2/12,8.4,8,1
2007/2/13,8.9,8,1
2007/2/14,10.0,8,1
2007/2/15,9.9,8,1
2007/2/16,8.2,8,1
2007/2/17,6.9,8,1
2007/2/18,6.8,8,1
2007/2/19,9.3,8,1
2007/2/20,7.0,8,1
2007/2/21,9.8,8,1
2007/2/22,10.9,8,1
2007/2/23,11.1,8,1
2007/2/24,6.6,8,1
2007/2/25,3.7,8,1
2007/2/26,6.1,8,1
2007/2/27,9.4,8,1
2007/2/28,10.0,8,1
2007/3/1,9.0,8,1
2007/3/2,9.5,8,1
2007/3/3,11.8,8,1
2007/3/4,14.3,8,1
2007/3/5,17.1,8,1
2007/3/6,12.8,8,1
2007/3/7,7.7,8,1
2007/3/8,7.9,8,1
2007/3/9,7.6,8,1
2007/3/10,9.9,8,1
2007/3/11,9.2,8,1
2007/3/12,7.6,8,1
2007/3/13,7.8,8,1
2007/3/14,7.6,8,1
2007/3/15,8.8,8,1
2007/3/16,7.9,8,1
2007/3/17,6.7,8,1
2007/3/18,6.3,8,1
2007/3/19,7.6,8,1
2007/3/20,8.3,8,1
2007/3/21,8.9,8,1
2007/3/22,11.7,8,1
2007/3/23,12.4,8,1
2007/3/24,13.4,8,1
2007/3/25,15.6,8,1
2007/3/26,14.9,8,1
2007/3/27,13.6,8,1
2007/3/28,15.3,8,1
2007/3/29,18.1,8,1
2007/3/30,13.2,8,1
2007/3/31,13.1,8,1
2007/4/1,17.7,8,1
2007/4/2,14.3,8,1
2007/4/3,8.8,8,1
2007/4/4,7.3,8,1
2007/4/5,9.8,8,1
2007/4/6,11.1,8,1
2007/4/7,13.2,8,1
2007/4/8,13.6,8,1
2007/4/9,12.0,8,1
2007/4/10,13.8,8,1
2007/4/11,12.1,8,1
2007/4/12,13.3,8,1
2007/4/13,16.7,8,1
2007/4/14,19.0,8,1
2007/4/15,15.2,8,1
2007/4/16,10.6,8,1
2007/4/17,9.1,8,1
2007/4/18,8.8,8,1
2007/4/19,9.9,8,1
2007/4/20,14.0,8,1
2007/4/21,19.2,8,1
2007/4/22,20.0,8,1
2007/4/23,15.0,8,1
2007/4/24,13.1,8,1
2007/4/25,13.2,8,1
2007/4/26,16.4,8,1
2007/4/27,14.2,8,1
2007/4/28,15.2,8,1
2007/4/29,16.4,8,1
2007/4/30,19.2,8,1
2007/5/1,17.2,8,1
2007/5/2,19.1,8,1
2007/5/3,19.5,8,1
2007/5/4,21.5,8,1
2007/5/5,22.2,8,1
2007/5/6,18.0,8,1
2007/5/7,19.5,8,1
2007/5/8,20.1,8,1
2007/5/9,23.1,8,1
2007/5/10,20.3,8,1
2007/5/11,18.5,8,1
2007/5/12,19.0,8,1
2007/5/13,20.7,8,1
2007/5/14,18.9,8,1
2007/5/15,18.4,8,1
2007/5/16,19.1,8,1
2007/5/17,17.8,8,1
2007/5/18,21.2,8,1
2007/5/19,19.2,8,1
2007/5/20,18.9,8,1
2007/5/21,18.1,8,1
2007/5/22,20.8,8,1
2007/5/23,22.4,8,1
2007/5/24,22.4,8,1
2007/5/25,19.1,8,1
2007/5/26,23.1,8,1
2007/5/27,23.2,8,1
2007/5/28,16.3,8,1
2007/5/29,18.0,8,1
2007/5/30,18.7,8,1
2007/5/31,18.8,8,1
2007/6/1,18.4,8,1
2007/6/2,20.9,8,1
2007/6/3,21.7,8,1
2007/6/4,21.5,8,1
2007/6/5,21.8,8,1
2007/6/6,22.2,8,1
2007/6/7,22.4,8,1
2007/6/8,22.4,8,1
2007/6/9,22.2,8,1
2007/6/10,19.8,8,1
2007/6/11,20.9,8,1
2007/6/12,23.5,8,1
2007/6/13,23.6,8,1
2007/6/14,21.8,8,1
2007/6/15,24.0,8,1
2007/6/16,24.8,8,1
2007/6/17,22.1,8,1
2007/6/18,23.8,8,1
2007/6/19,26.1,8,1
2007/6/20,25.5,8,1
2007/6/21,26.4,8,1
2007/6/22,23.9,8,1
2007/6/23,25.4,8,1
2007/6/24,22.9,8,1
2007/6/25,21.0,8,1
2007/6/26,22.8,8,1
2007/6/27,26.4,8,1
2007/6/28,26.5,8,1
2007/6/29,27.1,8,1
2007/6/30,25.4,8,1
2007/7/1,23.3,8,1
2007/7/2,24.0,8,1
2007/7/3,24.3,8,1
2007/7/4,21.5,8,1
2007/7/5,24.7,8,1
2007/7/6,25.8,8,1
2007/7/7,23.9,8,1
2007/7/8,22.9,8,1
2007/7/9,23.7,8,1
2007/7/10,23.3,8,1
2007/7/11,24.7,8,1
2007/7/12,24.8,8,1
2007/7/13,24.9,8,1
2007/7/14,22.0,8,1
2007/7/15,23.8,8,1
2007/7/16,24.8,8,1
2007/7/17,19.8,8,1
2007/7/18,20.5,8,1
2007/7/19,22.2,8,1
2007/7/20,24.5,8,1
2007/7/21,25.2,8,1
2007/7/22,25.0,8,1
2007/7/23,25.2,8,1
2007/7/24,26.6,8,1
2007/7/25,26.2,8,1
2007/7/26,27.8,8,1
2007/7/27,28.8,8,1
2007/7/28,28.7,8,1
2007/7/29,27.1,8,1
2007/7/30,22.4,8,1
2007/7/31,23.6,8,1
2007/8/1,27.4,8,1
2007/8/2,28.7,8,1
2007/8/3,28.8,8,1
2007/8/4,30.2,8,1
2007/8/5,29.5,8,1
2007/8/6,29.0,8,1
2007/8/7,29.4,8,1
2007/8/8,29.7,8,1
2007/8/9,30.1,8,1
2007/8/10,31.1,8,1
2007/8/11,31.3,8,1
2007/8/12,29.4,8,1
2007/8/13,29.3,8,1
2007/8/14,30.1,8,1
2007/8/15,31.5,8,1
2007/8/16,32.7,8,1
2007/8/17,31.7,8,1
2007/8/18,25.5,8,1
2007/8/19,28.3,8,1
2007/8/20,30.5,8,1
2007/8/21,30.2,8,1
2007/8/22,31.7,8,1
2007/8/23,26.5,8,1
2007/8/24,27.5,8,1
2007/8/25,28.2,8,1
2007/8/26,29.2,8,1
2007/8/27,29.3,8,1
2007/8/28,28.6,8,1
2007/8/29,24.9,8,1
2007/8/30,24.5,8,1
2007/8/31,24.6,8,1
2007/9/1,22.4,8,1
2007/9/2,23.5,8,1
2007/9/3,25.4,8,1
2007/9/4,27.2,8,1
2007/9/5,27.2,8,1
2007/9/6,27.3,8,1
2007/9/7,27.1,8,1
2007/9/8,28.4,8,1
2007/9/9,27.5,8,1
2007/9/10,26.3,8,1
2007/9/11,24.8,8,1
2007/9/12,22.1,8,1
2007/9/13,23.9,8,1
2007/9/14,25.8,8,1
2007/9/15,27.5,8,1
2007/9/16,28.3,8,1
2007/9/17,29.0,8,1
2007/9/18,25.1,8,1
2007/9/19,24.4,8,1
2007/9/20,27.3,8,1
2007/9/21,27.4,8,1
2007/9/22,27.6,8,1
2007/9/23,23.7,8,1
2007/9/24,22.4,8,1
2007/9/25,24.9,8,1
2007/9/26,23.2,8,1
2007/9/27,23.6,8,1
2007/9/28,26.7,8,1
2007/9/29,18.4,8,1
2007/9/30,16.8,8,1
2007/10/1,18.1,8,1
2007/10/2,19.8,8,1
2007/10/3,21.0,8,1
2007/10/4,22.1,8,1
2007/10/5,22.5,8,1
2007/10/6,20.8,8,1
2007/10/7,19.9,8,1
2007/10/8,21.1,8,1
2007/10/9,19.2,8,1
2007/10/10,19.9,8,1
2007/10/11,20.8,8,1
2007/10/12,22.1,8,1
2007/10/13,19.5,8,1
2007/10/14,18.3,8,1
2007/10/15,18.6,8,1
2007/10/16,16.2,8,1
2007/10/17,17.9,8,1
2007/10/18,17.7,8,1
2007/10/19,17.4,8,1
2007/10/20,17.5,8,1
2007/10/21,17.2,8,1
2007/10/22,17.6,8,1
2007/10/23,18.9,8,1
2007/10/24,16.8,8,1
2007/10/25,17.8,8,1
2007/10/26,17.4,8,1
2007/10/27,16.8,8,1
2007/10/28,18.6,8,1
2007/10/29,21.3,8,1
2007/10/30,18.8,8,1
2007/10/31,17.3,8,1
2007/11/1,17.5,8,1
2007/11/2,16.5,8,1
2007/11/3,15.5,8,1
2007/11/4,15.9,8,1
2007/11/5,16.4,8,1
2007/11/6,16.0,8,1
2007/11/7,16.3,8,1
2007/11/8,15.9,8,1
2007/11/9,16.2,8,1
2007/11/10,13.2,8,1
2007/11/11,14.0,8,1
2007/11/12,15.1,8,1
2007/11/13,16.7,8,1
2007/11/14,16.2,8,1
2007/11/15,16.5,8,1
2007/11/16,12.2,8,1
2007/11/17,10.1,8,1
2007/11/18,11.8,8,1
2007/11/19,9.7,8,1
2007/11/20,10.8,8,1
2007/11/21,10.7,8,1
2007/11/22,8.2,8,1
2007/11/23,9.2,8,1
2007/11/24,9.2,8,1
2007/11/25,12.0,8,1
2007/11/26,12.2,8,1
2007/11/27,13.0,8,1
2007/11/28,11.6,8,1
2007/11/29,9.7,8,1
2007/11/30,9.9,8,1
2007/12/1,11.4,8,1
2007/12/2,11.6,8,1
2007/12/3,10.5,8,1
2007/12/4,9.5,8,1
2007/12/5,8.6,8,1
2007/12/6,9.9,8,1
2007/12/7,11.1,8,1
2007/12/8,10.6,8,1
2007/12/9,10.1,8,1
2007/12/10,9.9,8,1
2007/12/11,10.0,8,1
2007/12/12,10.9,8,1
2007/12/13,9.2,8,1
2007/12/14,9.8,8,1
2007/12/15,8.5,8,1
2007/12/16,6.9,8,1
2007/12/17,7.5,8,1
2007/12/18,8.0,8,1
2007/12/19,7.5,8,1
2007/12/20,8.1,8,1
2007/12/21,9.4,8,1
2007/12/22,7.1,8,1
2007/12/23,8.3,8,1
2007/12/24,9.7,8,1
2007/12/25,8.0,8,1
2007/12/26,6.5,8,1
2007/12/27,7.0,8,1
2007/12/28,8.0,8,1
2007/12/29,10.6,8,1
2007/12/30,9.5,8,1
2007/12/31,6.5,8,1
2008/1/1,6.0,8,1
2008/1/2,6.2,8,1
2008/1/3,5.9,8,1
2008/1/4,7.0,8,1
2008/1/5,6.0,8,1
2008/1/6,7.5,8,1
2008/1/7,8.4,8,1
2008/1/8,9.7,8,1
2008/1/9,10.4,8,1
2008/1/10,9.0,8,1
2008/1/11,9.3,8,1
2008/1/12,6.9,8,1
2008/1/13,4.8,8,1
2008/1/14,4.0,8,1
2008/1/15,5.4,8,1
2008/1/16,5.9,8,1
2008/1/17,3.9,8,1
2008/1/18,3.6,8,1
2008/1/19,4.8,8,1
2008/1/20,5.0,8,1
2008/1/21,4.9,8,1
2008/1/22,4.4,8,1
2008/1/23,3.0,8,1
2008/1/24,5.0,8,1
2008/1/25,3.4,8,1
2008/1/26,4.1,8,1
2008/1/27,4.1,8,1
2008/1/28,4.7,8,1
2008/1/29,5.2,8,1
2008/1/30,8.0,8,1
2008/1/31,6.2,8,1
2008/2/1,5.0,8,1
2008/2/2,4.8,8,1
2008/2/3,1.5,8,1
2008/2/4,4.7,8,1
2008/2/5,5.6,8,1
2008/2/6,2.8,8,1
2008/2/7,5.0,8,1
2008/2/8,4.9,8,1
2008/2/9,2.4,8,1
2008/2/10,6.5,8,1
2008/2/11,6.8,8,1
2008/2/12,6.1,8,1
2008/2/13,3.1,8,1
2008/2/14,5.1,8,1
2008/2/15,5.7,8,1
2008/2/16,5.2,8,1
2008/2/17,3.5,8,1
2008/2/18,5.3,8,1
2008/2/19,5.4,8,1
2008/2/20,7.1,8,1
2008/2/21,8.6,8,1
2008/2/22,9.5,8,1
2008/2/23,7.3,8,1
2008/2/24,3.7,8,1
2008/2/25,4.8,8,1
2008/2/26,8.7,8,1
2008/2/27,6.4,8,1
2008/2/28,6.6,8,1
2008/2/29,7.8,8,1
2008/3/1,8.8,8,1
2008/3/2,8.6,8,1
2008/3/3,9.3,8,1
2008/3/4,8.0,8,1
2008/3/5,6.4,8,1
2008/3/6,7.4,8,1
2008/3/7,7.8,8,1
2008/3/8,8.6,8,1
2008/3/9,10.4,8,1
2008/3/10,9.0,8,1
2008/3/11,12.6,8,1
2008/3/12,9.7,8,1
2008/3/13,10.3,8,1
2008/3/14,13.3,8,1
2008/3/15,14.7,8,1
2008/3/16,14.5,8,1
2008/3/17,13.1,8,1
2008/3/18,12.6,8,1
2008/3/19,12.1,8,1
2008/3/20,9.2,8,1
2008/3/21,10.7,8,1
2008/3/22,11.9,8,1
2008/3/23,12.3,8,1
2008/3/24,9.4,8,1
2008/3/25,12.5,8,1
2008/3/26,14.4,8,1
2008/3/27,12.0,8,1
2008/3/28,12.6,8,1
2008/3/29,12.1,8,1
2008/3/30,8.9,8,1
2008/3/31,7.8,8,1
2008/4/1,11.2,8,1
2008/4/2,13.0,8,1
2008/4/3,13.6,8,1
2008/4/4,14.1,8,1
2008/4/5,14.6,8,1
2008/4/6,14.7,8,1
2008/4/7,13.3,8,1
2008/4/8,12.1,8,1
2008/4/9,13.1,8,1
2008/4/10,10.1,8,1
2008/4/11,14.3,8,1
2008/4/12,15.9,8,1
2008/4/13,10.1,8,1
2008/4/14,12.9,8,1
2008/4/15,16.2,8,1
2008/4/16,17.6,8,1
2008/4/17,16.6,8,1
2008/4/18,13.4,8,1
2008/4/19,14.5,8,1
2008/4/20,15.7,8,1
2008/4/21,15.8,8,1
2008/4/22,16.0,8,1
2008/4/23,17.2,8,1
2008/4/24,18.2,8,1
2008/4/25,14.8,8,1
2008/4/26,13.7,8,1
2008/4/27,14.5,8,1
2008/4/28,15.9,8,1
2008/4/29,17.6,8,1
2008/4/30,20.5,8,1
2008/5/1,20.8,8,1
2008/5/2,19.9,8,1
2008/5/3,18.8,8,1
2008/5/4,18.5,8,1
2008/5/5,18.6,8,1
2008/5/6,19.8,8,1
2008/5/7,21.5,8,1
2008/5/8,19.6,8,1
2008/5/9,18.9,8,1
2008/5/10,13.5,8,1
2008/5/11,11.7,8,1
2008/5/12,12.5,8,1
2008/5/13,11.6,8,1
2008/5/14,12.9,8,1
2008/5/15,17.3,8,1
2008/5/16,18.7,8,1
2008/5/17,18.9,8,1
2008/5/18,18.6,8,1
2008/5/19,19.7,8,1
2008/5/20,20.4,8,1
2008/5/21,20.1,8,1
2008/5/22,21.7,8,1
2008/5/23,24.3,8,1
2008/5/24,21.6,8,1
2008/5/25,20.8,8,1
2008/5/26,23.1,8,1
2008/5/27,22.8,8,1
2008/5/28,21.3,8,1
2008/5/29,15.8,8,1
2008/5/30,14.9,8,1
2008/5/31,13.5,8,1
2008/6/1,18.7,8,1
2008/6/2,19.2,8,1
2008/6/3,15.8,8,1
2008/6/4,18.3,8,1
2008/6/5,18.6,8,1
2008/6/6,22.8,8,1
2008/6/7,23.0,8,1
2008/6/8,21.7,8,1
2008/6/9,21.2,8,1
2008/6/10,22.3,8,1
2008/6/11,22.8,8,1
2008/6/12,18.6,8,1
2008/6/13,21.7,8,1
2008/6/14,23.1,8,1
2008/6/15,21.1,8,1
2008/6/16,22.9,8,1
2008/6/17,22.1,8,1
2008/6/18,22.2,8,1
2008/6/19,23.7,8,1
2008/6/20,22.9,8,1
2008/6/21,23.5,8,1
2008/6/22,21.0,8,1
2008/6/23,21.1,8,1
2008/6/24,23.6,8,1
2008/6/25,21.6,8,1
2008/6/26,17.0,8,1
2008/6/27,21.6,8,1
2008/6/28,23.4,8,1
2008/6/29,21.0,8,1
2008/6/30,21.7,8,1
2008/7/1,21.8,8,1
2008/7/2,23.7,8,1
2008/7/3,24.3,8,1
2008/7/4,26.5,8,1
2008/7/5,27.5,8,1
2008/7/6,27.0,8,1
2008/7/7,25.1,8,1
2008/7/8,24.1,8,1
2008/7/9,24.3,8,1
2008/7/10,24.6,8,1
2008/7/11,26.0,8,1
2008/7/12,28.0,8,1
2008/7/13,28.5,8,1
2008/7/14,28.9,8,1
2008/7/15,27.8,8,1
2008/7/16,27.3,8,1
2008/7/17,27.9,8,1
2008/7/18,28.7,8,1
2008/7/19,29.1,8,1
2008/7/20,27.0,8,1
2008/7/21,27.0,8,1
2008/7/22,28.4,8,1
2008/7/23,28.9,8,1
2008/7/24,29.1,8,1
2008/7/25,29.4,8,1
2008/7/26,27.9,8,1
2008/7/27,27.6,8,1
2008/7/28,29.3,8,1
2008/7/29,28.5,8,1
2008/7/30,26.4,8,1
2008/7/31,26.2,8,1
2008/8/1,27.4,8,1
2008/8/2,28.3,8,1
2008/8/3,29.4,8,1
2008/8/4,30.2,8,1
2008/8/5,27.6,8,1
2008/8/6,29.8,8,1
2008/8/7,30.2,8,1
2008/8/8,30.7,8,1
2008/8/9,29.2,8,1
2008/8/10,26.6,8,1
2008/8/11,28.1,8,1
2008/8/12,28.7,8,1
2008/8/13,29.2,8,1
2008/8/14,30.1,8,1
2008/8/15,30.7,8,1
2008/8/16,28.7,8,1
2008/8/17,22.6,8,1
2008/8/18,25.2,8,1
2008/8/19,28.5,8,1
2008/8/20,27.7,8,1
2008/8/21,25.4,8,1
2008/8/22,22.4,8,1
2008/8/23,20.9,8,1
2008/8/24,21.6,8,1
2008/8/25,23.2,8,1
2008/8/26,22.1,8,1
2008/8/27,24.6,8,1
2008/8/28,25.5,8,1
2008/8/29,25.9,8,1
2008/8/30,24.8,8,1
2008/8/31,25.6,8,1
2008/9/1,27.3,8,1
2008/9/2,28.3,8,1
2008/9/3,28.7,8,1
2008/9/4,27.4,8,1
2008/9/5,26.6,8,1
2008/9/6,27.0,8,1
2008/9/7,26.7,8,1
2008/9/8,27.1,8,1
2008/9/9,25.6,8,1
2008/9/10,24.2,8,1
2008/9/11,23.2,8,1
2008/9/12,26.4,8,1
2008/9/13,27.0,8,1
2008/9/14,25.6,8,1
2008/9/15,24.4,8,1
2008/9/16,23.3,8,1
2008/9/17,25.2,8,1
2008/9/18,24.1,8,1
2008/9/19,23.9,8,1
2008/9/20,24.5,8,1
2008/9/21,23.0,8,1
2008/9/22,20.9,8,1
2008/9/23,23.6,8,1
2008/9/24,24.7,8,1
2008/9/25,24.9,8,1
2008/9/26,26.0,8,1
2008/9/27,20.1,8,1
2008/9/28,18.1,8,1
2008/9/29,16.6,8,1
2008/9/30,17.2,8,1
2008/10/1,18.9,8,1
2008/10/2,19.6,8,1
2008/10/3,20.0,8,1
2008/10/4,20.6,8,1
2008/10/5,21.0,8,1
2008/10/6,18.3,8,1
2008/10/7,21.6,8,1
2008/10/8,19.0,8,1
2008/10/9,21.1,8,1
2008/10/10,21.7,8,1
2008/10/11,20.8,8,1
2008/10/12,18.6,8,1
2008/10/13,19.5,8,1
2008/10/14,18.6,8,1
2008/10/15,19.9,8,1
2008/10/16,19.7,8,1
2008/10/17,19.6,8,1
2008/10/18,19.6,8,1
2008/10/19,19.4,8,1
2008/10/20,20.0,8,1
2008/10/21,20.2,8,1
2008/10/22,19.8,8,1
2008/10/23,20.3,8,1
2008/10/24,21.0,8,1
2008/10/25,20.6,8,1
2008/10/26,19.3,8,1
2008/10/27,18.0,8,1
2008/10/28,17.1,8,1
2008/10/29,17.0,8,1
2008/10/30,14.8,8,1
2008/10/31,14.4,8,1
2008/11/1,16.1,8,1
2008/11/2,14.9,8,1
2008/11/3,15.7,8,1
2008/11/4,16.3,8,1
2008/11/5,14.4,8,1
2008/11/6,15.8,8,1
2008/11/7,17.3,8,1
2008/11/8,13.9,8,1
2008/11/9,11.4,8,1
2008/11/10,11.9,8,1
2008/11/11,11.6,8,1
2008/11/12,12.2,8,1
2008/11/13,14.9,8,1
2008/11/14,15.1,8,1
2008/11/15,16.2,8,1
2008/11/16,15.3,8,1
2008/11/17,15.8,8,1
2008/11/18,15.7,8,1
2008/11/19,11.3,8,1
2008/11/20,9.4,8,1
2008/11/21,11.0,8,1
2008/11/22,11.1,8,1
2008/11/23,12.1,8,1
2008/11/24,9.4,8,1
2008/11/25,9.5,8,1
2008/11/26,11.0,8,1
2008/11/27,8.8,8,1
2008/11/28,10.6,8,1
2008/11/29,13.1,8,1
2008/11/30,12.0,8,1
2008/12/1,9.9,8,1
2008/12/2,9.3,8,1
2008/12/3,12.3,8,1
2008/12/4,12.4,8,1
2008/12/5,14.2,8,1
2008/12/6,10.3,8,1
2008/12/7,7.5,8,1
2008/12/8,8.1,8,1
2008/12/9,8.8,8,1
2008/12/10,14.1,8,1
2008/12/11,14.0,8,1
2008/12/12,13.1,8,1
2008/12/13,11.3,8,1
2008/12/14,7.5,8,1
2008/12/15,7.2,8,1
2008/12/16,8.4,8,1
2008/12/17,8.8,8,1
2008/12/18,11.4,8,1
2008/12/19,10.0,8,1
2008/12/20,10.1,8,1
2008/12/21,13.5,8,1
2008/12/22,13.2,8,1
2008/12/23,6.9,8,1
2008/12/24,6.8,8,1
2008/12/25,10.1,8,1
2008/12/26,5.2,8,1
2008/12/27,6.0,8,1
2008/12/28,7.3,8,1
2008/12/29,9.9,8,1
2008/12/30,9.0,8,1
2008/12/31,6.6,8,1
2009/1/1,6.2,8,1
2009/1/2,6.9,8,1
2009/1/3,6.6,8,1
2009/1/4,7.5,8,1
2009/1/5,8.5,8,1
2009/1/6,8.6,8,1
2009/1/7,7.0,8,1
2009/1/8,6.7,8,1
2009/1/9,4.4,8,1
2009/1/10,5.6,8,1
2009/1/11,5.1,8,1
2009/1/12,4.5,8,1
2009/1/13,5.1,8,1
2009/1/14,5.9,8,1
2009/1/15,4.3,8,1
2009/1/16,5.0,8,1
2009/1/17,6.4,8,1
2009/1/18,6.0,8,1
2009/1/19,9.1,8,1
2009/1/20,7.5,8,1
2009/1/21,6.6,8,1
2009/1/22,5.9,8,1
2009/1/23,10.3,8,1
2009/1/24,6.8,8,1
2009/1/25,5.9,8,1
2009/1/26,6.5,8,1
2009/1/27,7.6,8,1
2009/1/28,6.7,8,1
2009/1/29,8.9,8,1
2009/1/30,9.6,8,1
2009/1/31,7.8,8,1
2009/2/1,7.9,8,1
2009/2/2,6.2,8,1
2009/2/3,8.9,8,1
2009/2/4,7.5,8,1
2009/2/5,7.4,8,1
2009/2/6,7.9,8,1
2009/2/7,7.1,8,1
2009/2/8,7.4,8,1
2009/2/9,6.1,8,1
2009/2/10,8.7,8,1
2009/2/11,6.9,8,1
2009/2/12,9.8,8,1
2009/2/13,11.4,8,1
2009/2/14,18.1,8,1
2009/2/15,12.7,8,1
2009/2/16,10.5,8,1
2009/2/17,4.9,8,1
2009/2/18,6.1,8,1
2009/2/19,6.6,8,1
2009/2/20,6.3,8,1
2009/2/21,6.4,8,1
2009/2/22,7.7,8,1
2009/2/23,6.6,8,1
2009/2/24,5.2,8,1
2009/2/25,7.6,8,1
2009/2/26,6.9,8,1
2009/2/27,3.4,8,1
2009/2/28,6.8,8,1
2009/3/1,7.1,8,1
2009/3/2,6.9,8,1
2009/3/3,3.2,8,1
2009/3/4,5.8,8,1
2009/3/5,8.6,8,1
2009/3/6,8.1,8,1
2009/3/7,11.6,8,1
2009/3/8,8.6,8,1
2009/3/9,10.2,8,1
2009/3/10,11.5,8,1
2009/3/11,7.6,8,1
2009/3/12,8.1,8,1
2009/3/13,10.0,8,1
2009/3/14,11.6,8,1
2009/3/15,9.4,8,1
2009/3/16,11.1,8,1
2009/3/17,14.4,8,1
2009/3/18,15.1,8,1
2009/3/19,17.2,8,1
2009/3/20,15.3,8,1
2009/3/21,11.8,8,1
2009/3/22,15.3,8,1
2009/3/23,12.7,8,1
2009/3/24,8.6,8,1
2009/3/25,8.0,8,1
2009/3/26,8.0,8,1
2009/3/27,7.8,8,1
2009/3/28,7.8,8,1
2009/3/29,8.1,8,1
2009/3/30,8.7,8,1
2009/3/31,10.7,8,1
2009/4/1,9.9,8,1
2009/4/2,9.8,8,1
2009/4/3,12.3,8,1
2009/4/4,13.8,8,1
2009/4/5,14.5,8,1
2009/4/6,14.9,8,1
2009/4/7,16.0,8,1
2009/4/8,16.2,8,1
2009/4/9,18.3,8,1
2009/4/10,18.6,8,1
2009/4/11,18.1,8,1
2009/4/12,16.3,8,1
2009/4/13,18.8,8,1
2009/4/14,17.9,8,1
2009/4/15,19.7,8,1
2009/4/16,17.7,8,1
2009/4/17,12.7,8,1
2009/4/18,15.2,8,1
2009/4/19,17.4,8,1
2009/4/20,16.8,8,1
2009/4/21,18.1,8,1
2009/4/22,19.7,8,1
2009/4/23,17.1,8,1
2009/4/24,13.3,8,1
2009/4/25,11.2,8,1
2009/4/26,16.8,8,1
2009/4/27,14.4,8,1
2009/4/28,13.0,8,1
2009/4/29,15.5,8,1
2009/4/30,17.8,8,1
2009/5/1,19.5,8,1
2009/5/2,19.8,8,1
2009/5/3,20.0,8,1
2009/5/4,20.4,8,1
2009/5/5,17.8,8,1
2009/5/6,16.4,8,1
2009/5/7,17.0,8,1
2009/5/8,17.8,8,1
2009/5/9,21.0,8,1
2009/5/10,23.0,8,1
2009/5/11,21.4,8,1
2009/5/12,22.2,8,1
2009/5/13,22.4,8,1
2009/5/14,18.4,8,1
2009/5/15,16.3,8,1
2009/5/16,17.6,8,1
2009/5/17,19.4,8,1
2009/5/18,23.7,8,1
2009/5/19,21.7,8,1
2009/5/20,23.2,8,1
2009/5/21,23.0,8,1
2009/5/22,21.8,8,1
2009/5/23,23.2,8,1
2009/5/24,19.4,8,1
2009/5/25,18.9,8,1
2009/5/26,21.3,8,1
2009/5/27,21.5,8,1
2009/5/28,18.5,8,1
2009/5/29,17.5,8,1
2009/5/30,18.4,8,1
2009/5/31,19.7,8,1
2009/6/1,19.0,8,1
2009/6/2,21.1,8,1
2009/6/3,21.9,8,1
2009/6/4,21.6,8,1
2009/6/5,20.0,8,1
2009/6/6,20.5,8,1
2009/6/7,22.8,8,1
2009/6/8,19.0,8,1
2009/6/9,21.8,8,1
2009/6/10,23.1,8,1
2009/6/11,21.6,8,1
2009/6/12,23.6,8,1
2009/6/13,23.0,8,1
2009/6/14,20.7,8,1
2009/6/15,20.8,8,1
2009/6/16,19.6,8,1
2009/6/17,21.2,8,1
2009/6/18,21.7,8,1
2009/6/19,22.3,8,1
2009/6/20,23.2,8,1
2009/6/21,22.8,8,1
2009/6/22,23.8,8,1
2009/6/23,26.5,8,1
2009/6/24,24.1,8,1
2009/6/25,24.9,8,1
2009/6/26,26.8,8,1
2009/6/27,26.6,8,1
2009/6/28,23.5,8,1
2009/6/29,25.3,8,1
2009/6/30,22.8,8,1
2009/7/1,23.3,8,1
2009/7/2,21.2,8,1
2009/7/3,23.2,8,1
2009/7/4,24.0,8,1
2009/7/5,23.8,8,1
2009/7/6,23.7,8,1
2009/7/7,26.9,8,1
2009/7/8,26.5,8,1
2009/7/9,27.9,8,1
2009/7/10,28.3,8,1
2009/7/11,25.3,8,1
2009/7/12,25.5,8,1
2009/7/13,28.9,8,1
2009/7/14,27.6,8,1
2009/7/15,29.1,8,1
2009/7/16,29.3,8,1
2009/7/17,25.9,8,1
2009/7/18,27.7,8,1
2009/7/19,29.4,8,1
2009/7/20,27.1,8,1
2009/7/21,22.8,8,1
2009/7/22,24.1,8,1
2009/7/23,25.6,8,1
2009/7/24,26.3,8,1
2009/7/25,28.1,8,1
2009/7/26,29.6,8,1
2009/7/27,27.2,8,1
2009/7/28,26.7,8,1
2009/7/29,28.2,8,1
2009/7/30,28.4,8,1
2009/7/31,23.3,8,1
2009/8/1,24.6,8,1
2009/8/2,24.3,8,1
2009/8/3,26.3,8,1
2009/8/4,26.0,8,1
2009/8/5,27.5,8,1
2009/8/6,27.5,8,1
2009/8/7,28.6,8,1
2009/8/8,27.6,8,1
2009/8/9,28.3,8,1
2009/8/10,27.1,8,1
2009/8/11,26.7,8,1
2009/8/12,26.6,8,1
2009/8/13,28.2,8,1
2009/8/14,28.6,8,1
2009/8/15,27.2,8,1
2009/8/16,27.8,8,1
2009/8/17,26.5,8,1
2009/8/18,26.6,8,1
2009/8/19,27.3,8,1
2009/8/20,27.6,8,1
2009/8/21,28.9,8,1
2009/8/22,28.9,8,1
2009/8/23,27.2,8,1
2009/8/24,26.0,8,1
2009/8/25,24.8,8,1
2009/8/26,24.4,8,1
2009/8/27,25.3,8,1
2009/8/28,27.4,8,1
2009/8/29,28.6,8,1
2009/8/30,23.3,8,1
2009/8/31,19.1,8,1
2009/9/1,25.7,8,1
2009/9/2,22.3,8,1
2009/9/3,22.2,8,1
2009/9/4,23.2,8,1
2009/9/5,24.4,8,1
2009/9/6,24.4,8,1
2009/9/7,24.9,8,1
2009/9/8,24.8,8,1
2009/9/9,22.6,8,1
2009/9/10,24.1,8,1
2009/9/11,23.9,8,1
2009/9/12,21.4,8,1
2009/9/13,23.7,8,1
2009/9/14,23.2,8,1
2009/9/15,21.9,8,1
2009/9/16,23.7,8,1
2009/9/17,22.5,8,1
2009/9/18,20.9,8,1
2009/9/19,21.7,8,1
2009/9/20,22.4,8,1
2009/9/21,21.3,8,1
2009/9/22,23.3,8,1
2009/9/23,23.9,8,1
2009/9/24,23.3,8,1
2009/9/25,23.3,8,1
2009/9/26,23.4,8,1
2009/9/27,21.9,8,1
2009/9/28,23.4,8,1
2009/9/29,23.1,8,1
2009/9/30,20.2,8,1
2009/10/1,20.8,8,1
2009/10/2,21.3,8,1
2009/10/3,22.8,8,1
2009/10/4,22.4,8,1
2009/10/5,19.6,8,1
2009/10/6,17.8,8,1
2009/10/7,17.6,8,1
2009/10/8,21.2,8,1
2009/10/9,20.4,8,1
2009/10/10,17.7,8,1
2009/10/11,18.9,8,1
2009/10/12,18.5,8,1
2009/10/13,19.8,8,1
2009/10/14,18.2,8,1
2009/10/15,18.1,8,1
2009/10/16,18.6,8,1
2009/10/17,18.4,8,1
2009/10/18,19.7,8,1
2009/10/19,19.7,8,1
2009/10/20,21.9,8,1
2009/10/21,19.3,8,1
2009/10/22,18.5,8,1
2009/10/23,17.7,8,1
2009/10/24,16.1,8,1
2009/10/25,14.8,8,1
2009/10/26,14.4,8,1
2009/10/27,19.1,8,1
2009/10/28,18.4,8,1
2009/10/29,17.8,8,1
2009/10/30,19.9,8,1
2009/10/31,18.2,8,1
2009/11/1,19.6,8,1
2009/11/2,12.9,8,1
2009/11/3,10.2,8,1
2009/11/4,11.9,8,1
2009/11/5,13.5,8,1
2009/11/6,15.4,8,1
2009/11/7,16.5,8,1
2009/11/8,16.9,8,1
2009/11/9,17.8,8,1
2009/11/10,18.7,8,1
2009/11/11,17.3,8,1
2009/11/12,13.2,8,1
2009/11/13,11.2,8,1
2009/11/14,16.9,8,1
2009/11/15,16.9,8,1
2009/11/16,14.4,8,1
2009/11/17,10.3,8,1
2009/11/18,11.5,8,1
2009/11/19,8.2,8,1
2009/11/20,10.5,8,1
2009/11/21,12.2,8,1
2009/11/22,8.4,8,1
2009/11/23,11.2,8,1
2009/11/24,11.8,8,1
2009/11/25,13.4,8,1
2009/11/26,14.6,8,1
2009/11/27,14.1,8,1
2009/11/28,13.8,8,1
2009/11/29,10.6,8,1
2009/11/30,9.6,8,1
2009/12/1,11.5,8,1
2009/12/2,12.0,8,1
2009/12/3,10.1,8,1
2009/12/4,11.7,8,1
2009/12/5,10.3,8,1
2009/12/6,11.2,8,1
2009/12/7,10.3,8,1
2009/12/8,10.1,8,1
2009/12/9,10.2,8,1
2009/12/10,11.0,8,1
2009/12/11,8.1,8,1
2009/12/12,13.0,8,1
2009/12/13,11.2,8,1
2009/12/14,8.9,8,1
2009/12/15,7.9,8,1
2009/12/16,6.9,8,1
2009/12/17,7.0,8,1
2009/12/18,6.2,8,1
2009/12/19,5.2,8,1
2009/12/20,6.3,8,1
2009/12/21,5.9,8,1
2009/12/22,6.4,8,1
2009/12/23,7.7,8,1
2009/12/24,9.9,8,1
2009/12/25,9.2,8,1
2009/12/26,9.4,8,1
2009/12/27,9.4,8,1
2009/12/28,9.4,8,1
2009/12/29,8.1,8,1
2009/12/30,9.2,8,1
2009/12/31,6.2,8,1
2010/1/1,4.8,8,1
2010/1/2,6.3,8,1
2010/1/3,5.7,8,1
2010/1/4,6.5,8,1
2010/1/5,7.3,8,1
2010/1/6,6.5,8,1
2010/1/7,7.3,8,1
2010/1/8,7.6,8,1
2010/1/9,7.2,8,1
2010/1/10,7.0,8,1
2010/1/11,5.3,8,1
2010/1/12,3.9,8,1
2010/1/13,5.3,8,1
2010/1/14,3.8,8,1
2010/1/15,4.6,8,1
2010/1/16,3.8,8,1
2010/1/17,4.9,8,1
2010/1/18,5.3,8,1
2010/1/19,8.4,8,1
2010/1/20,11.6,8,1
2010/1/21,13.0,8,1
2010/1/22,7.0,8,1
2010/1/23,6.3,8,1
2010/1/24,7.0,8,1
2010/1/25,8.2,8,1
2010/1/26,6.7,8,1
2010/1/27,7.2,8,1
2010/1/28,12.2,8,1
2010/1/29,8.9,8,1
2010/1/30,8.9,8,1
2010/1/31,9.2,8,1
2010/2/1,5.9,8,1
2010/2/2,4.2,8,1
2010/2/3,3.7,8,1
2010/2/4,2.9,8,1
2010/2/5,4.9,8,1
2010/2/6,3.2,8,1
2010/2/7,4.9,8,1
2010/2/8,6.3,8,1
2010/2/9,11.8,8,1
2010/2/10,8.5,8,1
2010/2/11,4.5,8,1
2010/2/12,3.5,8,1
2010/2/13,2.2,8,1
2010/2/14,4.6,8,1
2010/2/15,5.3,8,1
2010/2/16,3.9,8,1
2010/2/17,3.1,8,1
2010/2/18,3.5,8,1
2010/2/19,5.7,8,1
2010/2/20,7.0,8,1
2010/2/21,6.1,8,1
2010/2/22,6.5,8,1
2010/2/23,9.7,8,1
2010/2/24,12.0,8,1
2010/2/25,13.9,8,1
2010/2/26,16.9,8,1
2010/2/27,10.9,8,1
2010/2/28,6.4,8,1
2010/3/1,9.0,8,1
2010/3/2,5.3,8,1
2010/3/3,8.4,8,1
2010/3/4,7.6,8,1
2010/3/5,12.5,8,1
2010/3/6,11.4,8,1
2010/3/7,6.2,8,1
2010/3/8,5.5,8,1
2010/3/9,3.5,8,1
2010/3/10,5.3,8,1
2010/3/11,8.6,8,1
2010/3/12,10.3,8,1
2010/3/13,16.1,8,1
2010/3/14,10.7,8,1
2010/3/15,13.7,8,1
2010/3/16,15.5,8,1
2010/3/17,9.8,8,1
2010/3/18,9.6,8,1
2010/3/19,8.7,8,1
2010/3/20,15.2,8,1
2010/3/21,15.3,8,1
2010/3/22,9.8,8,1
2010/3/23,10.9,8,1
2010/3/24,6.9,8,1
2010/3/25,5.3,8,1
2010/3/26,7.9,8,1
2010/3/27,8.1,8,1
2010/3/28,5.5,8,1
2010/3/29,4.4,8,1
2010/3/30,5.9,8,1
2010/3/31,9.1,8,1
2010/4/1,14.7,8,1
2010/4/2,15.2,8,1
2010/4/3,11.1,8,1
2010/4/4,8.8,8,1
2010/4/5,9.4,8,1
2010/4/6,14.8,8,1
2010/4/7,11.6,8,1
2010/4/8,8.9,8,1
2010/4/9,11.1,8,1
2010/4/10,15.6,8,1
2010/4/11,17.2,8,1
2010/4/12,8.6,8,1
2010/4/13,15.1,8,1
2010/4/14,13.9,8,1
2010/4/15,6.9,8,1
2010/4/16,5.2,8,1
2010/4/17,6.3,8,1
2010/4/18,12.0,8,1
2010/4/19,15.2,8,1
2010/4/20,15.6,8,1
2010/4/21,18.8,8,1
2010/4/22,9.1,8,1
2010/4/23,8.2,8,1
2010/4/24,11.2,8,1
2010/4/25,12.7,8,1
2010/4/26,14.4,8,1
2010/4/27,12.7,8,1
2010/4/28,14.1,8,1
2010/4/29,18.2,8,1
2010/4/30,15.2,8,1
2010/5/1,16.4,8,1
2010/5/2,17.9,8,1
2010/5/3,19.0,8,1
2010/5/4,20.6,8,1
2010/5/5,21.9,8,1
2010/5/6,22.4,8,1
2010/5/7,20.4,8,1
2010/5/8,19.7,8,1
2010/5/9,20.7,8,1
2010/5/10,19.1,8,1
2010/5/11,17.1,8,1
2010/5/12,16.4,8,1
2010/5/13,16.5,8,1
2010/5/14,15.4,8,1
2010/5/15,15.1,8,1
2010/5/16,17.3,8,1
2010/5/17,20.7,8,1
2010/5/18,21.6,8,1
2010/5/19,20.3,8,1
2010/5/20,20.2,8,1
2010/5/21,24.3,8,1
2010/5/22,23.4,8,1
2010/5/23,18.3,8,1
2010/5/24,18.1,8,1
2010/5/25,23.5,8,1
2010/5/26,17.6,8,1
2010/5/27,17.6,8,1
2010/5/28,18.5,8,1
2010/5/29,15.6,8,1
2010/5/30,14.5,8,1
2010/5/31,17.4,8,1
2010/6/1,17.6,8,1
2010/6/2,19.1,8,1
2010/6/3,20.9,8,1
2010/6/4,22.1,8,1
2010/6/5,20.2,8,1
2010/6/6,21.4,8,1
2010/6/7,23.1,8,1
2010/6/8,21.4,8,1
2010/6/9,20.0,8,1
2010/6/10,22.6,8,1
2010/6/11,22.6,8,1
2010/6/12,24.5,8,1
2010/6/13,23.2,8,1
2010/6/14,18.6,8,1
2010/6/15,23.1,8,1
2010/6/16,25.8,8,1
2010/6/17,26.7,8,1
2010/6/18,24.4,8,1
2010/6/19,25.2,8,1
2010/6/20,26.2,8,1
2010/6/21,25.9,8,1
2010/6/22,26.1,8,1
2010/6/23,24.2,8,1
2010/6/24,25.1,8,1
2010/6/25,26.2,8,1
2010/6/26,26.2,8,1
2010/6/27,26.6,8,1
2010/6/28,28.0,8,1
2010/6/29,26.4,8,1
2010/6/30,25.6,8,1
2010/7/1,27.0,8,1
2010/7/2,26.6,8,1
2010/7/3,26.2,8,1
2010/7/4,27.2,8,1
2010/7/5,26.8,8,1
2010/7/6,27.1,8,1
2010/7/7,25.4,8,1
2010/7/8,26.4,8,1
2010/7/9,25.5,8,1
2010/7/10,27.3,8,1
2010/7/11,26.3,8,1
2010/7/12,27.4,8,1
2010/7/13,23.8,8,1
2010/7/14,26.1,8,1
2010/7/15,28.4,8,1
2010/7/16,28.5,8,1
2010/7/17,28.3,8,1
2010/7/18,28.3,8,1
2010/7/19,29.8,8,1
2010/7/20,30.8,8,1
2010/7/21,31.5,8,1
2010/7/22,31.4,8,1
2010/7/23,30.8,8,1
2010/7/24,30.8,8,1
2010/7/25,29.5,8,1
2010/7/26,28.6,8,1
2010/7/27,29.8,8,1
2010/7/28,30.0,8,1
2010/7/29,26.3,8,1
2010/7/30,26.8,8,1
2010/7/31,29.2,8,1
2010/8/1,29.8,8,1
2010/8/2,29.4,8,1
2010/8/3,29.5,8,1
2010/8/4,29.8,8,1
2010/8/5,30.0,8,1
2010/8/6,29.6,8,1
2010/8/7,29.2,8,1
2010/8/8,29.2,8,1
2010/8/9,26.3,8,1
2010/8/10,27.7,8,1
2010/8/11,28.9,8,1
2010/8/12,28.7,8,1
2010/8/13,28.3,8,1
2010/8/14,29.4,8,1
2010/8/15,31.4,8,1
2010/8/16,32.2,8,1
2010/8/17,32.3,8,1
2010/8/18,30.4,8,1
2010/8/19,28.7,8,1
2010/8/20,27.8,8,1
2010/8/21,28.6,8,1
2010/8/22,29.9,8,1
2010/8/23,30.3,8,1
2010/8/24,29.7,8,1
2010/8/25,30.1,8,1
2010/8/26,29.9,8,1
2010/8/27,30.0,8,1
2010/8/28,30.1,8,1
2010/8/29,30.2,8,1
2010/8/30,30.5,8,1
2010/8/31,30.8,8,1
2010/9/1,30.4,8,1
2010/9/2,30.1,8,1
2010/9/3,30.5,8,1
2010/9/4,31.2,8,1
2010/9/5,30.1,8,1
2010/9/6,29.8,8,1
2010/9/7,31.0,8,1
2010/9/8,25.8,8,1
2010/9/9,24.6,8,1
2010/9/10,26.0,8,1
2010/9/11,28.4,8,1
2010/9/12,28.1,8,1
2010/9/13,28.7,8,1
2010/9/14,25.8,8,1
2010/9/15,23.0,8,1
2010/9/16,20.6,8,1
2010/9/17,24.5,8,1
2010/9/18,25.9,8,1
2010/9/19,26.0,8,1
2010/9/20,25.9,8,1
2010/9/21,27.8,8,1
2010/9/22,28.1,8,1
2010/9/23,19.8,8,1
2010/9/24,18.3,8,1
2010/9/25,17.8,8,1
2010/9/26,19.3,8,1
2010/9/27,16.3,8,1
2010/9/28,18.9,8,1
2010/9/29,22.4,8,1
2010/9/30,19.2,8,1
2010/10/1,20.9,8,1
2010/10/2,21.2,8,1
2010/10/3,20.9,8,1
2010/10/4,20.4,8,1
2010/10/5,22.6,8,1
2010/10/6,22.0,8,1
2010/10/7,21.1,8,1
2010/10/8,20.9,8,1
2010/10/9,17.5,8,1
2010/10/10,19.8,8,1
2010/10/11,23.4,8,1
2010/10/12,22.5,8,1
2010/10/13,23.0,8,1
2010/10/14,21.4,8,1
2010/10/15,21.3,8,1
2010/10/16,21.4,8,1
2010/10/17,20.9,8,1
2010/10/18,19.4,8,1
2010/10/19,18.6,8,1
2010/10/20,18.9,8,1
2010/10/21,18.4,8,1
2010/10/22,17.7,8,1
2010/10/23,16.4,8,1
2010/10/24,15.4,8,1
2010/10/25,17.9,8,1
2010/10/26,16.7,8,1
2010/10/27,12.6,8,1
2010/10/28,10.0,8,1
2010/10/29,13.9,8,1
2010/10/30,12.3,8,1
2010/10/31,15.9,8,1
2010/11/1,16.6,8,1
2010/11/2,16.6,8,1
2010/11/3,14.6,8,1
2010/11/4,12.1,8,1
2010/11/5,13.9,8,1
2010/11/6,15.4,8,1
2010/11/7,14.9,8,1
2010/11/8,16.1,8,1
2010/11/9,16.8,8,1
2010/11/10,14.3,8,1
2010/11/11,14.1,8,1
2010/11/12,15.3,8,1
2010/11/13,16.2,8,1
2010/11/14,15.6,8,1
2010/11/15,11.9,8,1
2010/11/16,10.0,8,1
2010/11/17,8.8,8,1
2010/11/18,10.9,8,1
2010/11/19,11.7,8,1
2010/11/20,13.3,8,1
2010/11/21,14.1,8,1
2010/11/22,14.1,8,1
2010/11/23,13.8,8,1
2010/11/24,11.3,8,1
2010/11/25,10.6,8,1
2010/11/26,12.8,8,1
2010/11/27,12.1,8,1
2010/11/28,13.1,8,1
2010/11/29,12.3,8,1
2010/11/30,12.2,8,1
2010/12/1,13.5,8,1
2010/12/2,13.9,8,1
2010/12/3,17.0,8,1
2010/12/4,12.4,8,1
2010/12/5,11.7,8,1
2010/12/6,12.9,8,1
2010/12/7,12.2,8,1
2010/12/8,9.2,8,1
2010/12/9,9.1,8,1
2010/12/10,10.6,8,1
2010/12/11,13.1,8,1
2010/12/12,11.9,8,1
2010/12/13,8.2,8,1
2010/12/14,11.2,8,1
2010/12/15,10.6,8,1
2010/12/16,6.1,8,1
2010/12/17,7.0,8,1
2010/12/18,8.2,8,1
2010/12/19,7.4,8,1
2010/12/20,10.7,8,1
2010/12/21,9.9,8,1
2010/12/22,13.3,8,1
2010/12/23,12.1,8,1
2010/12/24,8.2,8,1
2010/12/25,5.6,8,1
2010/12/26,6.7,8,1
2010/12/27,7.2,8,1
2010/12/28,7.2,8,1
2010/12/29,8.1,8,1
2010/12/30,4.9,8,1
2010/12/31,5.8,8,1
2011/1/1,6.6,8,1
2011/1/2,7.0,8,1
2011/1/3,5.9,8,1
2011/1/4,6.3,8,1
2011/1/5,7.3,8,1
2011/1/6,6.5,8,1
2011/1/7,4.0,8,1
2011/1/8,5.9,8,1
2011/1/9,6.1,8,1
2011/1/10,3.4,8,1
2011/1/11,3.8,8,1
2011/1/12,5.1,8,1
2011/1/13,4.4,8,1
2011/1/14,3.8,8,1
2011/1/15,4.0,8,1
2011/1/16,2.2,8,1
2011/1/17,5.0,8,1
2011/1/18,5.5,8,1
2011/1/19,6.3,8,1
2011/1/20,5.4,8,1
2011/1/21,5.0,8,1
2011/1/22,6.0,8,1
2011/1/23,5.7,8,1
2011/1/24,5.1,8,1
2011/1/25,5.9,8,1
2011/1/26,5.3,8,1
2011/1/27,5.5,8,1
2011/1/28,3.7,8,1
2011/1/29,4.2,8,1
2011/1/30,2.9,8,1
2011/1/31,2.9,8,1
2011/2/1,5.9,8,1
2011/2/2,5.8,8,1
2011/2/3,7.4,8,1
2011/2/4,8.8,8,1
2011/2/5,8.1,8,1
2011/2/6,8.3,8,1
2011/2/7,8.2,8,1
2011/2/8,5.8,8,1
2011/2/9,5.0,8,1
2011/2/10,6.5,8,1
2011/2/11,2.0,8,1
2011/2/12,2.1,8,1
2011/2/13,4.7,8,1
2011/2/14,3.3,8,1
2011/2/15,5.3,8,1
2011/2/16,6.8,8,1
2011/2/17,10.0,8,1
2011/2/18,9.1,8,1
2011/2/19,6.1,8,1
2011/2/20,7.0,8,1
2011/2/21,7.1,8,1
2011/2/22,6.5,8,1
2011/2/23,8.4,8,1
2011/2/24,11.4,8,1
2011/2/25,14.1,8,1
2011/2/26,7.2,8,1
2011/2/27,10.4,8,1
2011/2/28,4.9,8,1
2011/3/1,5.8,8,1
2011/3/2,6.8,8,1
2011/3/3,4.4,8,1
2011/3/4,4.6,8,1
2011/3/5,7.4,8,1
2011/3/6,9.3,8,1
2011/3/7,4.5,8,1
2011/3/8,6.9,8,1
2011/3/9,7.4,8,1
2011/3/10,6.2,8,1
2011/3/11,6.5,8,1
2011/3/12,8.2,8,1
2011/3/13,11.3,8,1
2011/3/14,14.1,8,1
2011/3/15,10.9,8,1
2011/3/16,7.5,8,1
2011/3/17,4.6,8,1
2011/3/18,6.1,8,1
2011/3/19,12.3,8,1
2011/3/20,13.7,8,1
2011/3/21,9.6,8,1
2011/3/22,6.9,8,1
2011/3/23,6.4,8,1
2011/3/24,5.4,8,1
2011/3/25,8.1,8,1
2011/3/26,7.4,8,1
2011/3/27,7.4,8,1
2011/3/28,8.6,8,1
2011/3/29,10.9,8,1
2011/3/30,11.6,8,1
2011/3/31,9.7,8,1
2011/4/1,11.2,8,1
2011/4/2,13.4,8,1
2011/4/3,7.9,8,1
2011/4/4,9.0,8,1
2011/4/5,10.1,8,1
2011/4/6,13.7,8,1
2011/4/7,15.7,8,1
2011/4/8,17.2,8,1
2011/4/9,16.1,8,1
2011/4/10,13.7,8,1
2011/4/11,13.7,8,1
2011/4/12,11.4,8,1
2011/4/13,14.3,8,1
2011/4/14,16.7,8,1
2011/4/15,18.4,8,1
2011/4/16,18.6,8,1
2011/4/17,13.6,8,1
2011/4/18,14.9,8,1
2011/4/19,10.8,8,1
2011/4/20,10.9,8,1
2011/4/21,12.4,8,1
2011/4/22,15.5,8,1
2011/4/23,16.5,8,1
2011/4/24,16.1,8,1
2011/4/25,15.0,8,1
2011/4/26,16.2,8,1
2011/4/27,20.1,8,1
2011/4/28,19.8,8,1
2011/4/29,15.1,8,1
2011/4/30,17.6,8,1
2011/5/1,18.4,8,1
2011/5/2,19.6,8,1
2011/5/3,15.8,8,1
2011/5/4,17.3,8,1
2011/5/5,15.1,8,1
2011/5/6,16.0,8,1
2011/5/7,17.0,8,1
2011/5/8,20.6,8,1
2011/5/9,19.7,8,1
2011/5/10,22.8,8,1
2011/5/11,15.2,8,1
2011/5/12,15.6,8,1
2011/5/13,19.8,8,1
2011/5/14,20.1,8,1
2011/5/15,20.5,8,1
2011/5/16,20.3,8,1
2011/5/17,18.2,8,1
2011/5/18,19.4,8,1
2011/5/19,20.9,8,1
2011/5/20,22.0,8,1
2011/5/21,22.8,8,1
2011/5/22,20.8,8,1
2011/5/23,15.6,8,1
2011/5/24,14.6,8,1
2011/5/25,18.7,8,1
2011/5/26,19.3,8,1
2011/5/27,18.8,8,1
2011/5/28,18.4,8,1
2011/5/29,18.0,8,1
2011/5/30,17.4,8,1
2011/5/31,15.2,8,1
2011/6/1,15.2,8,1
2011/6/2,16.0,8,1
2011/6/3,19.8,8,1
2011/6/4,22.1,8,1
2011/6/5,22.2,8,1
2011/6/6,22.9,8,1
2011/6/7,21.6,8,1
2011/6/8,19.7,8,1
2011/6/9,21.8,8,1
2011/6/10,22.8,8,1
2011/6/11,22.2,8,1
2011/6/12,23.2,8,1
2011/6/13,20.9,8,1
2011/6/14,21.7,8,1
2011/6/15,21.3,8,1
2011/6/16,21.1,8,1
2011/6/17,19.2,8,1
2011/6/18,20.3,8,1
2011/6/19,21.8,8,1
2011/6/20,23.9,8,1
2011/6/21,25.5,8,1
2011/6/22,27.2,8,1
2011/6/23,28.2,8,1
2011/6/24,29.1,8,1
2011/6/25,24.3,8,1
2011/6/26,21.3,8,1
2011/6/27,22.3,8,1
2011/6/28,27.3,8,1
2011/6/29,29.8,8,1
2011/6/30,28.7,8,1
2011/7/1,28.7,8,1
2011/7/2,26.5,8,1
2011/7/3,27.6,8,1
2011/7/4,29.6,8,1
2011/7/5,28.0,8,1
2011/7/6,28.0,8,1
2011/7/7,26.8,8,1
2011/7/8,28.6,8,1
2011/7/9,29.4,8,1
2011/7/10,29.3,8,1
2011/7/11,29.2,8,1
2011/7/12,28.7,8,1
2011/7/13,28.6,8,1
2011/7/14,28.9,8,1
2011/7/15,29.4,8,1
2011/7/16,29.0,8,1
2011/7/17,29.6,8,1
2011/7/18,30.1,8,1
2011/7/19,27.9,8,1
2011/7/20,25.9,8,1
2011/7/21,20.7,8,1
2011/7/22,21.0,8,1
2011/7/23,23.1,8,1
2011/7/24,26.0,8,1
2011/7/25,27.6,8,1
2011/7/26,27.5,8,1
2011/7/27,28.3,8,1
2011/7/28,26.4,8,1
2011/7/29,26.5,8,1
2011/7/30,25.7,8,1
2011/7/31,23.5,8,1
2011/8/1,24.5,8,1
2011/8/2,25.5,8,1
2011/8/3,26.1,8,1
2011/8/4,27.4,8,1
2011/8/5,27.8,8,1
2011/8/6,29.0,8,1
2011/8/7,28.9,8,1
2011/8/8,29.3,8,1
2011/8/9,30.2,8,1
2011/8/10,30.5,8,1
2011/8/11,31.0,8,1
2011/8/12,31.2,8,1
2011/8/13,30.0,8,1
2011/8/14,30.0,8,1
2011/8/15,30.3,8,1
2011/8/16,30.3,8,1
2011/8/17,30.7,8,1
2011/8/18,31.9,8,1
2011/8/19,25.3,8,1
2011/8/20,23.7,8,1
2011/8/21,20.6,8,1
2011/8/22,21.2,8,1
2011/8/23,25.9,8,1
2011/8/24,28.1,8,1
2011/8/25,27.2,8,1
2011/8/26,26.2,8,1
2011/8/27,24.3,8,1
2011/8/28,25.6,8,1
2011/8/29,26.0,8,1
2011/8/30,26.3,8,1
2011/8/31,26.4,8,1
2011/9/1,28.5,8,1
2011/9/2,28.5,8,1
2011/9/3,28.0,8,1
2011/9/4,27.2,8,1
2011/9/5,26.5,8,1
2011/9/6,24.5,8,1
2011/9/7,24.9,8,1
2011/9/8,25.7,8,1
2011/9/9,27.8,8,1
2011/9/10,28.4,8,1
2011/9/11,27.7,8,1
2011/9/12,28.3,8,1
2011/9/13,28.3,8,1
2011/9/14,28.3,8,1
2011/9/15,28.3,8,1
2011/9/16,28.2,8,1
2011/9/17,28.0,8,1
2011/9/18,28.5,8,1
2011/9/19,25.7,8,1
2011/9/20,19.9,8,1
2011/9/21,22.2,8,1
2011/9/22,23.4,8,1
2011/9/23,20.3,8,1
2011/9/24,20.5,8,1
2011/9/25,20.2,8,1
2011/9/26,18.9,8,1
2011/9/27,20.2,8,1
2011/9/28,20.5,8,1
2011/9/29,21.9,8,1
2011/9/30,24.6,8,1
2011/10/1,22.2,8,1
2011/10/2,18.5,8,1
2011/10/3,18.8,8,1
2011/10/4,18.5,8,1
2011/10/5,15.9,8,1
2011/10/6,20.4,8,1
2011/10/7,21.1,8,1
2011/10/8,19.7,8,1
2011/10/9,20.1,8,1
2011/10/10,20.4,8,1
2011/10/11,21.2,8,1
2011/10/12,20.5,8,1
2011/10/13,20.5,8,1
2011/10/14,21.2,8,1
2011/10/15,24.3,8,1
2011/10/16,24.8,8,1
2011/10/17,21.5,8,1
2011/10/18,19.1,8,1
2011/10/19,15.9,8,1
2011/10/20,17.7,8,1
2011/10/21,18.3,8,1
2011/10/22,19.5,8,1
2011/10/23,22.7,8,1
2011/10/24,20.7,8,1
2011/10/25,21.8,8,1
2011/10/26,16.7,8,1
2011/10/27,15.2,8,1
2011/10/28,15.5,8,1
2011/10/29,16.0,8,1
2011/10/30,16.9,8,1
2011/10/31,18.7,8,1
2011/11/1,17.7,8,1
2011/11/2,17.2,8,1
2011/11/3,18.4,8,1
2011/11/4,18.4,8,1
2011/11/5,18.9,8,1
2011/11/6,18.1,8,1
2011/11/7,18.6,8,1
2011/11/8,15.7,8,1
2011/11/9,14.3,8,1
2011/11/10,14.1,8,1
2011/11/11,12.4,8,1
2011/11/12,16.4,8,1
2011/11/13,17.8,8,1
2011/11/14,16.9,8,1
2011/11/15,14.0,8,1
2011/11/16,12.6,8,1
2011/11/17,14.5,8,1
2011/11/18,12.6,8,1
2011/11/19,16.3,8,1
2011/11/20,17.4,8,1
2011/11/21,12.6,8,1
2011/11/22,11.1,8,1
2011/11/23,12.4,8,1
2011/11/24,13.3,8,1
2011/11/25,11.4,8,1
2011/11/26,10.9,8,1
2011/11/27,11.0,8,1
2011/11/28,12.1,8,1
2011/11/29,14.4,8,1
2011/11/30,14.6,8,1
2011/12/1,7.8,8,1
2011/12/2,6.1,8,1
2011/12/3,11.1,8,1
2011/12/4,13.4,8,1
2011/12/5,11.0,8,1
2011/12/6,8.0,8,1
2011/12/7,9.8,8,1
2011/12/8,8.0,8,1
2011/12/9,5.5,8,1
2011/12/10,7.3,8,1
2011/12/11,8.1,8,1
2011/12/12,9.7,8,1
2011/12/13,9.7,8,1
2011/12/14,7.9,8,1
2011/12/15,10.4,8,1
2011/12/16,9.0,8,1
2011/12/17,6.1,8,1
2011/12/18,7.0,8,1
2011/12/19,6.5,8,1
2011/12/20,7.0,8,1
2011/12/21,5.8,8,1
2011/12/22,5.8,8,1
2011/12/23,6.0,8,1
2011/12/24,5.5,8,1
2011/12/25,5.2,8,1
2011/12/26,4.9,8,1
2011/12/27,5.2,8,1
2011/12/28,6.2,8,1
2011/12/29,6.0,8,1
2011/12/30,6.2,8,1
2011/12/31,5.6,8,1
2012/1/1,5.7,8,1
2012/1/2,6.0,8,1
2012/1/3,6.6,8,1
2012/1/4,5.4,8,1
2012/1/5,5.5,8,1
2012/1/6,6.3,8,1
2012/1/7,5.7,8,1
2012/1/8,5.8,8,1
2012/1/9,5.9,8,1
2012/1/10,6.7,8,1
2012/1/11,5.8,8,1
2012/1/12,3.8,8,1
2012/1/13,5.6,8,1
2012/1/14,5.1,8,1
2012/1/15,4.5,8,1
2012/1/16,4.5,8,1
2012/1/17,4.9,8,1
2012/1/18,5.4,8,1
2012/1/19,6.2,8,1
2012/1/20,2.8,8,1
2012/1/21,3.4,8,1
2012/1/22,5.3,8,1
2012/1/23,5.0,8,1
2012/1/24,3.0,8,1
2012/1/25,4.1,8,1
2012/1/26,3.2,8,1
2012/1/27,3.2,8,1
2012/1/28,2.6,8,1
2012/1/29,2.9,8,1
2012/1/30,3.7,8,1
2012/1/31,4.1,8,1
2012/2/1,6.0,8,1
2012/2/2,2.6,8,1
2012/2/3,2.8,8,1
2012/2/4,5.5,8,1
2012/2/5,6.1,8,1
2012/2/6,4.9,8,1
2012/2/7,7.7,8,1
2012/2/8,6.6,8,1
2012/2/9,4.7,8,1
2012/2/10,5.7,8,1
2012/2/11,5.4,8,1
2012/2/12,5.0,8,1
2012/2/13,5.8,8,1
2012/2/14,5.2,8,1
2012/2/15,7.6,8,1
2012/2/16,3.3,8,1
2012/2/17,3.7,8,1
2012/2/18,2.5,8,1
2012/2/19,3.3,8,1
2012/2/20,5.8,8,1
2012/2/21,8.1,8,1
2012/2/22,7.9,8,1
2012/2/23,7.8,8,1
2012/2/24,11.5,8,1
2012/2/25,5.8,8,1
2012/2/26,6.0,8,1
2012/2/27,4.7,8,1
2012/2/28,3.7,8,1
2012/2/29,2.3,8,1
2012/3/1,8.2,8,1
2012/3/2,7.3,8,1
2012/3/3,7.1,8,1
2012/3/4,5.5,8,1
2012/3/5,5.7,8,1
2012/3/6,11.4,8,1
2012/3/7,12.6,8,1
2012/3/8,9.6,8,1
2012/3/9,7.3,8,1
2012/3/10,5.3,8,1
2012/3/11,7.4,8,1
2012/3/12,7.2,8,1
2012/3/13,6.8,8,1
2012/3/14,7.2,8,1
2012/3/15,7.9,8,1
2012/3/16,7.7,8,1
2012/3/17,6.8,8,1
2012/3/18,9.6,8,1
2012/3/19,9.1,8,1
2012/3/20,8.2,8,1
2012/3/21,8.1,8,1
2012/3/22,10.1,8,1
2012/3/23,9.9,8,1
2012/3/24,8.4,8,1
2012/3/25,9.1,8,1
2012/3/26,8.2,8,1
2012/3/27,9.6,8,1
2012/3/28,11.2,8,1
2012/3/29,11.7,8,1
2012/3/30,15.3,8,1
2012/3/31,14.1,8,1
2012/4/1,10.0,8,1
2012/4/2,10.8,8,1
2012/4/3,14.0,8,1
2012/4/4,11.9,8,1
2012/4/5,14.8,8,1
2012/4/6,10.7,8,1
2012/4/7,8.8,8,1
2012/4/8,9.5,8,1
2012/4/9,16.6,8,1
2012/4/10,16.4,8,1
2012/4/11,15.7,8,1
2012/4/12,17.4,8,1
2012/4/13,17.2,8,1
2012/4/14,9.9,8,1
2012/4/15,11.8,8,1
2012/4/16,13.1,8,1
2012/4/17,14.9,8,1
2012/4/18,15.0,8,1
2012/4/19,14.2,8,1
2012/4/20,13.3,8,1
2012/4/21,11.8,8,1
2012/4/22,11.3,8,1
2012/4/23,13.4,8,1
2012/4/24,18.3,8,1
2012/4/25,18.4,8,1
2012/4/26,18.3,8,1
2012/4/27,16.6,8,1
2012/4/28,18.3,8,1
2012/4/29,20.6,8,1
2012/4/30,20.7,8,1
2012/5/1,20.5,8,1
2012/5/2,18.8,8,1
2012/5/3,17.9,8,1
2012/5/4,18.6,8,1
2012/5/5,21.2,8,1
2012/5/6,19.7,8,1
2012/5/7,18.5,8,1
2012/5/8,20.5,8,1
2012/5/9,19.3,8,1
2012/5/10,17.1,8,1
2012/5/11,17.4,8,1
2012/5/12,16.3,8,1
2012/5/13,17.0,8,1
2012/5/14,19.7,8,1
2012/5/15,18.7,8,1
2012/5/16,22.0,8,1
2012/5/17,21.6,8,1
2012/5/18,18.8,8,1
2012/5/19,20.3,8,1
2012/5/20,21.3,8,1
2012/5/21,20.2,8,1
2012/5/22,14.6,8,1
2012/5/23,18.7,8,1
2012/5/24,22.0,8,1
2012/5/25,20.4,8,1
2012/5/26,21.0,8,1
2012/5/27,22.5,8,1
2012/5/28,21.4,8,1
2012/5/29,20.7,8,1
2012/5/30,20.1,8,1
2012/5/31,20.3,8,1
2012/6/1,21.3,8,1
2012/6/2,21.6,8,1
2012/6/3,20.3,8,1
2012/6/4,22.1,8,1
2012/6/5,21.7,8,1
2012/6/6,19.4,8,1
2012/6/7,21.1,8,1
2012/6/8,23.5,8,1
2012/6/9,19.0,8,1
2012/6/10,21.9,8,1
2012/6/11,20.0,8,1
2012/6/12,16.9,8,1
2012/6/13,17.4,8,1
2012/6/14,18.6,8,1
2012/6/15,20.3,8,1
2012/6/16,20.2,8,1
2012/6/17,23.3,8,1
2012/6/18,24.5,8,1
2012/6/19,23.9,8,1
2012/6/20,26.9,8,1
2012/6/21,23.7,8,1
2012/6/22,21.1,8,1
2012/6/23,22.2,8,1
2012/6/24,22.6,8,1
2012/6/25,18.4,8,1
2012/6/26,19.5,8,1
2012/6/27,20.6,8,1
2012/6/28,22.5,8,1
2012/6/29,23.4,8,1
2012/6/30,23.3,8,1
2012/7/1,21.9,8,1
2012/7/2,22.8,8,1
2012/7/3,23.5,8,1
2012/7/4,24.8,8,1
2012/7/5,26.7,8,1
2012/7/6,25.3,8,1
2012/7/7,23.0,8,1
2012/7/8,22.6,8,1
2012/7/9,24.9,8,1
2012/7/10,26.5,8,1
2012/7/11,27.0,8,1
2012/7/12,26.7,8,1
2012/7/13,27.4,8,1
2012/7/14,28.6,8,1
2012/7/15,29.1,8,1
2012/7/16,29.5,8,1
2012/7/17,29.9,8,1
2012/7/18,28.5,8,1
2012/7/19,28.2,8,1
2012/7/20,20.5,8,1
2012/7/21,19.6,8,1
2012/7/22,20.8,8,1
2012/7/23,25.1,8,1
2012/7/24,27.8,8,1
2012/7/25,29.5,8,1
2012/7/26,30.8,8,1
2012/7/27,30.0,8,1
2012/7/28,30.1,8,1
2012/7/29,29.5,8,1
2012/7/30,29.6,8,1
2012/7/31,29.0,8,1
2012/8/1,29.4,8,1
2012/8/2,30.2,8,1
2012/8/3,29.8,8,1
2012/8/4,28.6,8,1
2012/8/5,29.8,8,1
2012/8/6,27.4,8,1
2012/8/7,28.7,8,1
2012/8/8,25.8,8,1
2012/8/9,25.9,8,1
2012/8/10,27.1,8,1
2012/8/11,28.8,8,1
2012/8/12,27.6,8,1
2012/8/13,29.8,8,1
2012/8/14,28.6,8,1
2012/8/15,29.1,8,1
2012/8/16,30.1,8,1
2012/8/17,30.5,8,1
2012/8/18,28.0,8,1
2012/8/19,29.0,8,1
2012/8/20,29.1,8,1
2012/8/21,29.7,8,1
2012/8/22,29.6,8,1
2012/8/23,30.1,8,1
2012/8/24,30.0,8,1
2012/8/25,29.9,8,1
2012/8/26,30.1,8,1
2012/8/27,30.0,8,1
2012/8/28,29.6,8,1
2012/8/29,29.1,8,1
2012/8/30,30.2,8,1
2012/8/31,29.6,8,1
2012/9/1,27.9,8,1
2012/9/2,25.8,8,1
2012/9/3,26.9,8,1
2012/9/4,27.3,8,1
2012/9/5,28.6,8,1
2012/9/6,27.3,8,1
2012/9/7,27.6,8,1
2012/9/8,28.1,8,1
2012/9/9,28.8,8,1
2012/9/10,28.9,8,1
2012/9/11,28.7,8,1
2012/9/12,28.1,8,1
2012/9/13,28.8,8,1
2012/9/14,28.8,8,1
2012/9/15,28.3,8,1
2012/9/16,28.3,8,1
2012/9/17,27.9,8,1
2012/9/18,28.0,8,1
2012/9/19,26.7,8,1
2012/9/20,27.6,8,1
2012/9/21,24.7,8,1
2012/9/22,22.3,8,1
2012/9/23,20.3,8,1
2012/9/24,23.2,8,1
2012/9/25,20.4,8,1
2012/9/26,21.8,8,1
2012/9/27,21.2,8,1
2012/9/28,22.3,8,1
2012/9/29,24.9,8,1
2012/9/30,25.7,8,1
2012/10/1,26.9,8,1
2012/10/2,23.7,8,1
2012/10/3,20.7,8,1
2012/10/4,22.5,8,1
2012/10/5,23.8,8,1
2012/10/6,24.0,8,1
2012/10/7,19.1,8,1
2012/10/8,19.8,8,1
2012/10/9,19.1,8,1
2012/10/10,19.2,8,1
2012/10/11,20.8,8,1
2012/10/12,20.9,8,1
2012/10/13,20.7,8,1
2012/10/14,17.9,8,1
2012/10/15,21.0,8,1
2012/10/16,19.1,8,1
2012/10/17,17.7,8,1
2012/10/18,17.8,8,1
2012/10/19,16.3,8,1
2012/10/20,18.1,8,1
2012/10/21,19.1,8,1
2012/10/22,19.8,8,1
2012/10/23,20.5,8,1
2012/10/24,17.2,8,1
2012/10/25,16.6,8,1
2012/10/26,18.3,8,1
2012/10/27,18.0,8,1
2012/10/28,15.4,8,1
2012/10/29,17.7,8,1
2012/10/30,15.5,8,1
2012/10/31,14.9,8,1
2012/11/1,15.3,8,1
2012/11/2,14.9,8,1
2012/11/3,14.0,8,1
2012/11/4,14.9,8,1
2012/11/5,13.5,8,1
2012/11/6,14.0,8,1
2012/11/7,16.5,8,1
2012/11/8,15.6,8,1
2012/11/9,16.5,8,1
2012/11/10,15.7,8,1
2012/11/11,13.2,8,1
2012/11/12,15.3,8,1
2012/11/13,14.9,8,1
2012/11/14,13.6,8,1
2012/11/15,11.7,8,1
2012/11/16,13.3,8,1
2012/11/17,13.7,8,1
2012/11/18,12.7,8,1
2012/11/19,8.6,8,1
2012/11/20,11.8,8,1
2012/11/21,11.4,8,1
2012/11/22,10.9,8,1
2012/11/23,10.3,8,1
2012/11/24,10.5,8,1
2012/11/25,9.4,8,1
2012/11/26,8.8,8,1
2012/11/27,11.0,8,1
2012/11/28,7.2,8,1
2012/11/29,10.1,8,1
2012/11/30,10.5,8,1
2012/12/1,7.3,8,1
2012/12/2,5.6,8,1
2012/12/3,6.7,8,1
2012/12/4,9.9,8,1
2012/12/5,9.8,8,1
2012/12/6,11.9,8,1
2012/12/7,8.4,8,1
2012/12/8,9.3,8,1
2012/12/9,6.6,8,1
2012/12/10,5.4,8,1
2012/12/11,6.7,8,1
2012/12/12,7.2,8,1
2012/12/13,7.1,8,1
2012/12/14,7.3,8,1
2012/12/15,7.2,8,1
2012/12/16,12.0,8,1
2012/12/17,7.9,8,1
2012/12/18,10.4,8,1
2012/12/19,6.1,8,1
2012/12/20,6.6,8,1
2012/12/21,6.8,8,1
2012/12/22,6.8,8,1
2012/12/23,7.1,8,1
2012/12/24,5.1,8,1
2012/12/25,4.5,8,1
2012/12/26,4.4,8,1
2012/12/27,3.9,8,1
2012/12/28,4.2,8,1
2012/12/29,7.5,8,1
2012/12/30,7.2,8,1
2012/12/31,8.8,8,1
2013/1/1,6.5,8,1
2013/1/2,10.0,8,1
2013/1/3,5.6,8,1
2013/1/4,3.2,8,1
2013/1/5,2.8,8,1
2013/1/6,4.7,8,1
2013/1/7,5.5,8,1
2013/1/8,6.6,8,1
2013/1/9,6.7,8,1
2013/1/10,5.5,8,1
2013/1/11,5.1,8,1
2013/1/12,4.6,8,1
2013/1/13,7.6,8,1
2013/1/14,3.5,8,1
2013/1/15,4.4,8,1
2013/1/16,3.6,8,1
2013/1/17,4.3,8,1
2013/1/18,3.3,8,1
2013/1/19,5.2,8,1
2013/1/20,6.1,8,1
2013/1/21,6.5,8,1
2013/1/22,6.2,8,1
2013/1/23,6.5,8,1
2013/1/24,6.0,8,1
2013/1/25,6.8,8,1
2013/1/26,3.8,8,1
2013/1/27,4.8,8,1
2013/1/28,5.4,8,1
2013/1/29,7.1,8,1
2013/1/30,8.1,8,1
2013/1/31,5.8,8,1
2013/2/1,7.9,8,1
2013/2/2,15.6,8,1
2013/2/3,9.9,8,1
2013/2/4,10.1,8,1
2013/2/5,9.5,8,1
2013/2/6,3.4,8,1
2013/2/7,7.1,8,1
2013/2/8,4.7,8,1
2013/2/9,4.4,8,1
2013/2/10,5.4,8,1
2013/2/11,5.0,8,1
2013/2/12,4.1,8,1
2013/2/13,6.7,8,1
2013/2/14,7.3,8,1
2013/2/15,5.4,8,1
2013/2/16,3.1,8,1
2013/2/17,4.1,8,1
2013/2/18,5.2,8,1
2013/2/19,5.5,8,1
2013/2/20,4.4,8,1
2013/2/21,4.5,8,1
2013/2/22,5.5,8,1
2013/2/23,6.2,8,1
2013/2/24,3.6,8,1
2013/2/25,3.0,8,1
2013/2/26,5.5,8,1
2013/2/27,5.5,8,1
2013/2/28,9.9,8,1
2013/3/1,13.6,8,1
2013/3/2,8.7,8,1
2013/3/3,6.8,8,1
2013/3/4,6.4,8,1
2013/3/5,8.4,8,1
2013/3/6,11.0,8,1
2013/3/7,13.5,8,1
2013/3/8,17.7,8,1
2013/3/9,16.7,8,1
2013/3/10,13.6,8,1
2013/3/11,7.9,8,1
2013/3/12,10.7,8,1
2013/3/13,17.2,8,1
2013/3/14,8.3,8,1
2013/3/15,9.2,8,1
2013/3/16,12.5,8,1
2013/3/17,12.9,8,1
2013/3/18,18.3,8,1
2013/3/19,19.7,8,1
2013/3/20,17.4,8,1
2013/3/21,11.7,8,1
2013/3/22,13.2,8,1
2013/3/23,13.7,8,1
2013/3/24,11.0,8,1
2013/3/25,9.8,8,1
2013/3/26,9.4,8,1
2013/3/27,8.3,8,1
2013/3/28,15.0,8,1
2013/3/29,16.0,8,1
2013/3/30,9.0,8,1
2013/3/31,7.4,8,1
2013/4/1,11.2,8,1
2013/4/2,10.6,8,1
2013/4/3,13.7,8,1
2013/4/4,17.2,8,1
2013/4/5,18.1,8,1
2013/4/6,17.4,8,1
2013/4/7,17.7,8,1
2013/4/8,14.7,8,1
2013/4/9,16.9,8,1
2013/4/10,13.6,8,1
2013/4/11,9.7,8,1
2013/4/12,11.4,8,1
2013/4/13,12.3,8,1
2013/4/14,16.6,8,1
2013/4/15,17.2,8,1
2013/4/16,16.4,8,1
2013/4/17,20.9,8,1
2013/4/18,19.9,8,1
2013/4/19,14.5,8,1
2013/4/20,9.2,8,1
2013/4/21,7.4,8,1
2013/4/22,11.8,8,1
2013/4/23,14.3,8,1
2013/4/24,16.8,8,1
2013/4/25,18.0,8,1
2013/4/26,17.5,8,1
2013/4/27,15.8,8,1
2013/4/28,16.8,8,1
2013/4/29,17.9,8,1
2013/4/30,19.6,8,1
2013/5/1,14.5,8,1
2013/5/2,14.6,8,1
2013/5/3,14.8,8,1
2013/5/4,16.2,8,1
2013/5/5,18.1,8,1
2013/5/6,20.1,8,1
2013/5/7,15.5,8,1
2013/5/8,17.3,8,1
2013/5/9,19.5,8,1
2013/5/10,22.4,8,1
2013/5/11,18.9,8,1
2013/5/12,19.9,8,1
2013/5/13,19.2,8,1
2013/5/14,22.8,8,1
2013/5/15,20.7,8,1
2013/5/16,20.5,8,1
2013/5/17,18.0,8,1
2013/5/18,19.9,8,1
2013/5/19,20.1,8,1
2013/5/20,19.1,8,1
2013/5/21,23.2,8,1
2013/5/22,22.3,8,1
2013/5/23,22.5,8,1
2013/5/24,22.2,8,1
2013/5/25,18.2,8,1
2013/5/26,21.7,8,1
2013/5/27,22.3,8,1
2013/5/28,22.2,8,1
2013/5/29,22.0,8,1
2013/5/30,21.4,8,1
2013/5/31,22.6,8,1
2013/6/1,20.3,8,1
2013/6/2,18.3,8,1
2013/6/3,20.0,8,1
2013/6/4,23.2,8,1
2013/6/5,22.8,8,1
2013/6/6,22.6,8,1
2013/6/7,22.2,8,1
2013/6/8,22.3,8,1
2013/6/9,23.6,8,1
2013/6/10,23.6,8,1
2013/6/11,21.4,8,1
2013/6/12,21.1,8,1
2013/6/13,21.4,8,1
2013/6/14,23.5,8,1
2013/6/15,26.0,8,1
2013/6/16,22.9,8,1
2013/6/17,24.6,8,1
2013/6/18,26.9,8,1
2013/6/19,26.7,8,1
2013/6/20,22.3,8,1
2013/6/21,21.8,8,1
2013/6/22,22.8,8,1
2013/6/23,23.4,8,1
2013/6/24,23.3,8,1
2013/6/25,24.1,8,1
2013/6/26,21.8,8,1
2013/6/27,23.0,8,1
2013/6/28,22.4,8,1
2013/6/29,24.0,8,1
2013/6/30,24.2,8,1
2013/7/1,23.8,8,1
2013/7/2,24.3,8,1
2013/7/3,24.1,8,1
2013/7/4,25.2,8,1
2013/7/5,26.8,8,1
2013/7/6,29.2,8,1
2013/7/7,29.5,8,1
2013/7/8,29.4,8,1
2013/7/9,30.1,8,1
2013/7/10,30.2,8,1
2013/7/11,30.3,8,1
2013/7/12,30.9,8,1
2013/7/13,30.7,8,1
2013/7/14,29.3,8,1
2013/7/15,28.5,8,1
2013/7/16,25.3,8,1
2013/7/17,24.6,8,1
2013/7/18,27.7,8,1
2013/7/19,25.4,8,1
2013/7/20,23.9,8,1
2013/7/21,24.8,8,1
2013/7/22,26.5,8,1
2013/7/23,28.0,8,1
2013/7/24,25.4,8,1
2013/7/25,26.7,8,1
2013/7/26,28.4,8,1
2013/7/27,27.6,8,1
2013/7/28,27.3,8,1
2013/7/29,26.3,8,1
2013/7/30,27.8,8,1
2013/7/31,27.4,8,1
2013/8/1,27.5,8,1
2013/8/2,25.6,8,1
2013/8/3,26.7,8,1
2013/8/4,27.8,8,1
2013/8/5,29.1,8,1
2013/8/6,28.7,8,1
2013/8/7,30.0,8,1
2013/8/8,30.3,8,1
2013/8/9,31.0,8,1
2013/8/10,33.2,8,1
2013/8/11,32.9,8,1
2013/8/12,31.3,8,1
2013/8/13,30.0,8,1
2013/8/14,30.2,8,1
2013/8/15,30.0,8,1
2013/8/16,29.7,8,1
2013/8/17,29.6,8,1
2013/8/18,29.6,8,1
2013/8/19,30.3,8,1
2013/8/20,30.5,8,1
2013/8/21,29.1,8,1
2013/8/22,28.5,8,1
2013/8/23,28.2,8,1
2013/8/24,29.0,8,1
2013/8/25,25.5,8,1
2013/8/26,26.7,8,1
2013/8/27,25.4,8,1
2013/8/28,27.8,8,1
2013/8/29,28.3,8,1
2013/8/30,31.4,8,1
2013/8/31,30.8,8,1
2013/9/1,30.4,8,1
2013/9/2,29.0,8,1
2013/9/3,29.6,8,1
2013/9/4,27.9,8,1
2013/9/5,27.5,8,1
2013/9/6,26.0,8,1
2013/9/7,25.9,8,1
2013/9/8,25.2,8,1
2013/9/9,24.6,8,1
2013/9/10,24.8,8,1
2013/9/11,24.7,8,1
2013/9/12,27.6,8,1
2013/9/13,28.2,8,1
2013/9/14,28.6,8,1
2013/9/15,26.7,8,1
2013/9/16,26.5,8,1
2013/9/17,23.5,8,1
2013/9/18,23.7,8,1
2013/9/19,23.9,8,1
2013/9/20,24.9,8,1
2013/9/21,25.6,8,1
2013/9/22,25.3,8,1
2013/9/23,22.0,8,1
2013/9/24,22.7,8,1
2013/9/25,23.3,8,1
2013/9/26,22.1,8,1
2013/9/27,19.8,8,1
2013/9/28,20.3,8,1
2013/9/29,22.2,8,1
2013/9/30,22.2,8,1
2013/10/1,22.3,8,1
2013/10/2,23.4,8,1
2013/10/3,24.5,8,1
2013/10/4,18.3,8,1
2013/10/5,17.8,8,1
2013/10/6,21.4,8,1
2013/10/7,23.6,8,1
2013/10/8,25.4,8,1
2013/10/9,26.1,8,1
2013/10/10,25.0,8,1
2013/10/11,25.7,8,1
2013/10/12,26.1,8,1
2013/10/13,21.6,8,1
2013/10/14,20.8,8,1
2013/10/15,18.2,8,1
2013/10/16,20.1,8,1
2013/10/17,18.0,8,1
2013/10/18,17.2,8,1
2013/10/19,16.2,8,1
2013/10/20,15.2,8,1
2013/10/21,18.4,8,1
2013/10/22,18.6,8,1
2013/10/23,17.5,8,1
2013/10/24,16.0,8,1
2013/10/25,18.0,8,1
2013/10/26,15.4,8,1
2013/10/27,16.6,8,1
2013/10/28,16.1,8,1
2013/10/29,14.7,8,1
2013/10/30,18.0,8,1
2013/10/31,17.8,8,1
2013/11/1,17.2,8,1
2013/11/2,15.4,8,1
2013/11/3,17.4,8,1
2013/11/4,16.6,8,1
2013/11/5,16.0,8,1
2013/11/6,16.0,8,1
2013/11/7,15.0,8,1
2013/11/8,16.5,8,1
2013/11/9,13.3,8,1
2013/11/10,16.6,8,1
2013/11/11,12.5,8,1
2013/11/12,9.6,8,1
2013/11/13,9.8,8,1
2013/11/14,10.8,8,1
2013/11/15,11.3,8,1
2013/11/16,12.9,8,1
2013/11/17,14.1,8,1
2013/11/18,14.4,8,1
2013/11/19,12.7,8,1
2013/11/20,12.2,8,1
2013/11/21,12.0,8,1
2013/11/22,12.4,8,1
2013/11/23,12.6,8,1
2013/11/24,12.6,8,1
2013/11/25,14.5,8,1
2013/11/26,15.1,8,1
2013/11/27,12.9,8,1
2013/11/28,14.0,8,1
2013/11/29,9.8,8,1
2013/11/30,10.2,8,1
2013/12/1,10.4,8,1
2013/12/2,10.8,8,1
2013/12/3,11.7,8,1
2013/12/4,11.5,8,1
2013/12/5,11.6,8,1
2013/12/6,12.5,8,1
2013/12/7,11.1,8,1
2013/12/8,8.8,8,1
2013/12/9,8.2,8,1
2013/12/10,9.5,8,1
2013/12/11,10.1,8,1
2013/12/12,9.9,8,1
2013/12/13,9.7,8,1
2013/12/14,7.6,8,1
2013/12/15,7.2,8,1
2013/12/16,8.2,8,1
2013/12/17,9.2,8,1
2013/12/18,6.6,8,1
2013/12/19,6.3,8,1
2013/12/20,6.1,8,1
2013/12/21,6.8,8,1
2013/12/22,7.6,8,1
2013/12/23,6.4,8,1
2013/12/24,7.6,8,1
2013/12/25,6.7,8,1
2013/12/26,6.3,8,1
2013/12/27,7.0,8,1
2013/12/28,5.4,8,1
2013/12/29,4.9,8,1
2013/12/30,5.4,8,1
2013/12/31,6.9,8,1
2014/1/1,9.6,8,1
2014/1/2,7.3,8,1
2014/1/3,5.9,8,1
2014/1/4,6.5,8,1
2014/1/5,5.4,8,1
2014/1/6,5.3,8,1
2014/1/7,5.5,8,1
2014/1/8,7.3,8,1
2014/1/9,7.2,8,1
2014/1/10,3.6,8,1
2014/1/11,4.3,8,1
2014/1/12,5.3,8,1
2014/1/13,5.1,8,1
2014/1/14,4.2,8,1
2014/1/15,3.0,8,1
2014/1/16,4.8,8,1
2014/1/17,5.8,8,1
2014/1/18,5.2,8,1
2014/1/19,4.2,8,1
2014/1/20,4.8,8,1
2014/1/21,6.3,8,1
2014/1/22,5.5,8,1
2014/1/23,6.5,8,1
2014/1/24,7.2,8,1
2014/1/25,8.4,8,1
2014/1/26,9.5,8,1
2014/1/27,4.6,8,1
2014/1/28,8.8,8,1
2014/1/29,8.9,8,1
2014/1/30,10.3,8,1
2014/1/31,9.9,8,1
2014/2/1,7.9,8,1
2014/2/2,9.3,8,1
2014/2/3,12.8,8,1
2014/2/4,5.0,8,1
2014/2/5,1.6,8,1
2014/2/6,2.7,8,1
2014/2/7,4.0,8,1
2014/2/8,0.3,8,1
2014/2/9,5.4,8,1
2014/2/10,6.0,8,1
2014/2/11,3.3,8,1
2014/2/12,4.8,8,1
2014/2/13,5.3,8,1
2014/2/14,1.4,8,1
2014/2/15,3.9,8,1
2014/2/16,6.9,8,1
2014/2/17,7.3,8,1
2014/2/18,4.7,8,1
2014/2/19,4.7,8,1
2014/2/20,4.6,8,1
2014/2/21,5.5,8,1
2014/2/22,5.1,8,1
2014/2/23,5.6,8,1
2014/2/24,6.3,8,1
2014/2/25,8.2,8,1
2014/2/26,10.0,8,1
2014/2/27,10.0,8,1
2014/2/28,13.8,8,1
2014/3/1,8.9,8,1
2014/3/2,5.6,8,1
2014/3/3,6.6,8,1
2014/3/4,6.9,8,1
2014/3/5,6.5,8,1
2014/3/6,5.4,8,1
2014/3/7,4.4,8,1
2014/3/8,5.9,8,1
2014/3/9,6.4,8,1
2014/3/10,4.9,8,1
2014/3/11,6.1,8,1
2014/3/12,11.0,8,1
2014/3/13,12.3,8,1
2014/3/14,10.1,8,1
2014/3/15,8.3,8,1
2014/3/16,10.8,8,1
2014/3/17,12.1,8,1
2014/3/18,15.4,8,1
2014/3/19,11.2,8,1
2014/3/20,8.1,8,1
2014/3/21,10.1,8,1
2014/3/22,9.3,8,1
2014/3/23,11.6,8,1
2014/3/24,13.6,8,1
2014/3/25,16.6,8,1
2014/3/26,16.4,8,1
2014/3/27,12.6,8,1
2014/3/28,14.8,8,1
2014/3/29,17.7,8,1
2014/3/30,16.5,8,1
2014/3/31,15.7,8,1
2014/4/1,13.9,8,1
2014/4/2,15.2,8,1
2014/4/3,13.8,8,1
2014/4/4,15.3,8,1
2014/4/5,11.4,8,1
2014/4/6,9.0,8,1
2014/4/7,11.4,8,1
2014/4/8,15.8,8,1
2014/4/9,15.5,8,1
2014/4/10,16.1,8,1
2014/4/11,12.9,8,1
2014/4/12,14.6,8,1
2014/4/13,14.4,8,1
2014/4/14,14.0,8,1
2014/4/15,16.3,8,1
2014/4/16,18.7,8,1
2014/4/17,17.7,8,1
2014/4/18,11.8,8,1
2014/4/19,11.7,8,1
2014/4/20,11.0,8,1
2014/4/21,13.4,8,1
2014/4/22,15.2,8,1
2014/4/23,16.2,8,1
2014/4/24,16.6,8,1
2014/4/25,17.8,8,1
2014/4/26,18.2,8,1
2014/4/27,18.1,8,1
2014/4/28,18.6,8,1
2014/4/29,17.8,8,1
2014/4/30,16.7,8,1
2014/5/1,20.6,8,1
2014/5/2,21.0,8,1
2014/5/3,21.3,8,1
2014/5/4,18.6,8,1
2014/5/5,18.1,8,1
2014/5/6,14.3,8,1
2014/5/7,16.5,8,1
2014/5/8,18.7,8,1
2014/5/9,19.3,8,1
2014/5/10,19.8,8,1
2014/5/11,20.6,8,1
2014/5/12,19.6,8,1
2014/5/13,19.3,8,1
2014/5/14,21.9,8,1
2014/5/15,19.9,8,1
2014/5/16,21.5,8,1
2014/5/17,21.1,8,1
2014/5/18,20.5,8,1
2014/5/19,21.1,8,1
2014/5/20,21.7,8,1
2014/5/21,17.5,8,1
2014/5/22,18.6,8,1
2014/5/23,17.8,8,1
2014/5/24,20.6,8,1
2014/5/25,22.7,8,1
2014/5/26,21.3,8,1
2014/5/27,21.4,8,1
2014/5/28,22.7,8,1
2014/5/29,23.1,8,1
2014/5/30,24.1,8,1
2014/5/31,25.6,8,1
2014/6/1,26.6,8,1
2014/6/2,25.5,8,1
2014/6/3,24.0,8,1
2014/6/4,24.3,8,1
2014/6/5,21.2,8,1
2014/6/6,19.9,8,1
2014/6/7,18.4,8,1
2014/6/8,20.5,8,1
2014/6/9,22.9,8,1
2014/6/10,23.5,8,1
2014/6/11,22.2,8,1
2014/6/12,22.0,8,1
2014/6/13,24.9,8,1
2014/6/14,24.7,8,1
2014/6/15,24.4,8,1
2014/6/16,25.0,8,1
2014/6/17,24.3,8,1
2014/6/18,23.2,8,1
2014/6/19,24.8,8,1
2014/6/20,24.6,8,1
2014/6/21,24.6,8,1
2014/6/22,22.5,8,1
2014/6/23,24.2,8,1
2014/6/24,22.6,8,1
2014/6/25,22.6,8,1
2014/6/26,23.6,8,1
2014/6/27,23.9,8,1
2014/6/28,22.8,8,1
2014/6/29,23.3,8,1
2014/6/30,23.6,8,1
2014/7/1,25.3,8,1
2014/7/2,25.8,8,1
2014/7/3,24.8,8,1
2014/7/4,21.6,8,1
2014/7/5,22.0,8,1
2014/7/6,24.2,8,1
2014/7/7,23.4,8,1
2014/7/8,26.8,8,1
2014/7/9,24.2,8,1
2014/7/10,26.6,8,1
2014/7/11,28.5,8,1
2014/7/12,29.2,8,1
2014/7/13,26.9,8,1
2014/7/14,28.5,8,1
2014/7/15,28.2,8,1
2014/7/16,28.0,8,1
2014/7/17,27.1,8,1
2014/7/18,24.9,8,1
2014/7/19,23.8,8,1
2014/7/20,24.5,8,1
2014/7/21,25.0,8,1
2014/7/22,27.7,8,1
2014/7/23,29.4,8,1
2014/7/24,29.9,8,1
2014/7/25,30.5,8,1
2014/7/26,30.5,8,1
2014/7/27,30.1,8,1
2014/7/28,27.7,8,1
2014/7/29,27.6,8,1
2014/7/30,27.9,8,1
2014/7/31,29.5,8,1
2014/8/1,29.8,8,1
2014/8/2,30.9,8,1
2014/8/3,31.0,8,1
2014/8/4,30.5,8,1
2014/8/5,31.1,8,1
2014/8/6,30.8,8,1
2014/8/7,29.7,8,1
2014/8/8,29.0,8,1
2014/8/9,25.4,8,1
2014/8/10,26.3,8,1
2014/8/11,29.4,8,1
2014/8/12,26.3,8,1
2014/8/13,26.7,8,1
2014/8/14,27.1,8,1
2014/8/15,29.5,8,1
2014/8/16,27.0,8,1
2014/8/17,26.2,8,1
2014/8/18,29.1,8,1
2014/8/19,30.3,8,1
2014/8/20,31.1,8,1
2014/8/21,30.5,8,1
2014/8/22,30.2,8,1
2014/8/23,27.6,8,1
2014/8/24,28.4,8,1
2014/8/25,27.0,8,1
2014/8/26,25.2,8,1
2014/8/27,21.2,8,1
2014/8/28,21.1,8,1
2014/8/29,23.3,8,1
2014/8/30,22.6,8,1
2014/8/31,23.2,8,1
2014/9/1,21.8,8,1
2014/9/2,24.5,8,1
2014/9/3,24.1,8,1
2014/9/4,25.2,8,1
2014/9/5,27.8,8,1
2014/9/6,27.3,8,1
2014/9/7,21.7,8,1
2014/9/8,22.1,8,1
2014/9/9,23.5,8,1
2014/9/10,23.4,8,1
2014/9/11,21.8,8,1
2014/9/12,23.5,8,1
2014/9/13,23.1,8,1
2014/9/14,23.8,8,1
2014/9/15,24.1,8,1
2014/9/16,25.1,8,1
2014/9/17,23.3,8,1
2014/9/18,22.3,8,1
2014/9/19,22.3,8,1
2014/9/20,20.5,8,1
2014/9/21,21.3,8,1
2014/9/22,22.6,8,1
2014/9/23,22.1,8,1
2014/9/24,22.4,8,1
2014/9/25,24.4,8,1
2014/9/26,22.9,8,1
2014/9/27,20.2,8,1
2014/9/28,21.7,8,1
2014/9/29,23.5,8,1
2014/9/30,24.7,8,1
2014/10/1,21.2,8,1
2014/10/2,21.7,8,1
2014/10/3,25.7,8,1
2014/10/4,24.2,8,1
2014/10/5,17.2,8,1
2014/10/6,21.3,8,1
2014/10/7,20.0,8,1
2014/10/8,20.3,8,1
2014/10/9,21.0,8,1
2014/10/10,22.4,8,1
2014/10/11,20.3,8,1
2014/10/12,18.6,8,1
2014/10/13,18.1,8,1
2014/10/14,23.1,8,1
2014/10/15,15.9,8,1
2014/10/16,16.8,8,1
2014/10/17,18.4,8,1
2014/10/18,17.5,8,1
2014/10/19,18.3,8,1
2014/10/20,19.4,8,1
2014/10/21,19.0,8,1
2014/10/22,16.1,8,1
2014/10/23,14.3,8,1
2014/10/24,16.7,8,1
2014/10/25,18.3,8,1
2014/10/26,20.1,8,1
2014/10/27,19.3,8,1
2014/10/28,15.8,8,1
2014/10/29,16.4,8,1
2014/10/30,16.8,8,1
2014/10/31,18.4,8,1
2014/11/1,16.8,8,1
2014/11/2,19.5,8,1
2014/11/3,18.0,8,1
2014/11/4,16.2,8,1
2014/11/5,15.2,8,1
2014/11/6,17.7,8,1
2014/11/7,17.7,8,1
2014/11/8,14.1,8,1
2014/11/9,14.9,8,1
2014/11/10,17.8,8,1
2014/11/11,14.5,8,1
2014/11/12,14.1,8,1
2014/11/13,15.0,8,1
2014/11/14,12.8,8,1
2014/11/15,12.7,8,1
2014/11/16,12.5,8,1
2014/11/17,12.1,8,1
2014/11/18,12.9,8,1
2014/11/19,12.1,8,1
2014/11/20,9.1,8,1
2014/11/21,12.3,8,1
2014/11/22,13.8,8,1
2014/11/23,14.1,8,1
2014/11/24,13.2,8,1
2014/11/25,11.1,8,1
2014/11/26,9.2,8,1
2014/11/27,12.9,8,1
2014/11/28,14.1,8,1
2014/11/29,13.8,8,1
2014/11/30,15.1,8,1
2014/12/1,13.5,8,1
2014/12/2,10.8,8,2
2014/12/3,8.2,8,2
2014/12/4,8.8,8,2
2014/12/5,8.3,8,2
2014/12/6,5.1,8,2
2014/12/7,6.2,8,2
2014/12/8,6.6,8,2
2014/12/9,7.3,8,2
2014/12/10,7.3,8,2
2014/12/11,9.6,8,2
2014/12/12,9.3,8,2
2014/12/13,7.0,8,2
2014/12/14,4.8,8,2
2014/12/15,5.3,8,2
2014/12/16,3.6,8,2
2014/12/17,4.3,8,2
2014/12/18,4.0,8,2
2014/12/19,5.4,8,2
2014/12/20,5.3,8,2
2014/12/21,8.6,8,2
2014/12/22,7.1,8,2
2014/12/23,6.3,8,2
2014/12/24,5.9,8,2
2014/12/25,6.3,8,2
2014/12/26,5.1,8,2
2014/12/27,4.6,8,2
2014/12/28,3.8,8,2
2014/12/29,4.2,8,2
2014/12/30,6.6,8,2
2014/12/31,8.0,8,2
2015/1/1,3.7,8,2
2015/1/2,2.7,8,2
2015/1/3,3.8,8,2
2015/1/4,4.0,8,2
2015/1/5,6.9,8,2
2015/1/6,10.8,8,2
2015/1/7,5.6,8,2
2015/1/8,6.2,8,2
2015/1/9,6.7,8,2
2015/1/10,6.3,8,2
2015/1/11,6.4,8,2
2015/1/12,5.2,8,2
2015/1/13,6.6,8,2
2015/1/14,6.6,8,2
2015/1/15,5.4,8,2
2015/1/16,8.9,8,2
2015/1/17,5.9,8,2
2015/1/18,4.7,8,2
2015/1/19,5.7,8,2
2015/1/20,6.3,8,2
2015/1/21,2.5,8,2
2015/1/22,4.6,8,2
2015/1/23,6.9,8,2
2015/1/24,4.9,8,2
2015/1/25,7.0,8,2
2015/1/26,9.0,8,2
2015/1/27,9.8,8,2
2015/1/28,5.2,8,2
2015/1/29,3.9,8,2
2015/1/30,2.2,8,2
2015/1/31,4.9,8,2
2015/2/1,4.0,8,2
2015/2/2,4.7,8,2
2015/2/3,4.7,8,2
2015/2/4,5.2,8,2
2015/2/5,2.6,8,2
2015/2/6,5.4,8,2
2015/2/7,5.3,8,2
2015/2/8,4.0,8,2
2015/2/9,2.0,8,2
2015/2/10,3.2,8,2
2015/2/11,5.6,8,2
2015/2/12,7.0,8,2
2015/2/13,5.0,8,2
2015/2/14,4.9,8,2
2015/2/15,5.5,8,2
2015/2/16,7.0,8,2
2015/2/17,3.9,8,2
2015/2/18,3.3,8,2
2015/2/19,6.2,8,2
2015/2/20,6.3,8,2
2015/2/21,6.2,8,2
2015/2/22,6.3,8,2
2015/2/23,10.7,8,2
2015/2/24,9.7,8,2
2015/2/25,9.2,8,2
2015/2/26,6.6,8,2
2015/2/27,8.2,8,2
2015/2/28,7.4,8,2
2015/3/1,6.9,8,2
2015/3/2,9.3,8,2
2015/3/3,5.6,8,2
2015/3/4,9.6,8,2
2015/3/5,9.3,8,2
2015/3/6,7.3,8,2
2015/3/7,6.0,8,2
2015/3/8,8.2,8,2
2015/3/9,9.0,8,2
2015/3/10,7.7,8,2
2015/3/11,6.2,8,2
2015/3/12,8.6,8,2
2015/3/13,8.9,8,2
2015/3/14,8.9,8,2
2015/3/15,8.4,8,2
2015/3/16,11.1,8,2
2015/3/17,14.5,8,2
2015/3/18,14.8,8,2
2015/3/19,11.9,8,2
2015/3/20,11.8,8,2
2015/3/21,10.5,8,2
2015/3/22,12.9,8,2
2015/3/23,10.7,8,2
2015/3/24,8.2,8,2
2015/3/25,8.1,8,2
2015/3/26,9.5,8,2
2015/3/27,12.3,8,2
2015/3/28,14.1,8,2
2015/3/29,14.6,8,2
2015/3/30,16.2,8,2
2015/3/31,16.7,8,2
2015/4/1,13.9,8,2
2015/4/2,11.6,8,2
2015/4/3,17.3,8,2
2015/4/4,13.2,8,2
2015/4/5,10.3,8,2
2015/4/6,16.2,8,2
2015/4/7,10.0,8,2
2015/4/8,4.1,8,2
2015/4/9,7.4,8,2
2015/4/10,8.3,8,2
2015/4/11,11.5,8,2
2015/4/12,12.9,8,2
2015/4/13,9.7,8,2
2015/4/14,12.1,8,2
2015/4/15,15.4,8,2
2015/4/16,15.7,8,2
2015/4/17,16.4,8,2
2015/4/18,14.0,8,2
2015/4/19,14.3,8,2
2015/4/20,18.4,8,2
2015/4/21,17.5,8,2
2015/4/22,15.7,8,2
2015/4/23,18.0,8,2
2015/4/24,18.3,8,2
2015/4/25,17.2,8,2
2015/4/26,17.8,8,2
2015/4/27,19.3,8,2
2015/4/28,20.8,8,2
2015/4/29,19.4,8,2
2015/4/30,19.0,8,2
2015/5/1,20.5,8,2
2015/5/2,21.0,8,2
2015/5/3,21.2,8,2
2015/5/4,21.6,8,2
2015/5/5,18.3,8,2
2015/5/6,18.2,8,2
2015/5/7,19.1,8,2
2015/5/8,20.7,8,2
2015/5/9,18.7,8,2
2015/5/10,19.7,8,2
2015/5/11,17.2,8,2
2015/5/12,19.6,8,2
2015/5/13,22.5,8,2
2015/5/14,23.1,8,2
2015/5/15,22.7,8,2
2015/5/16,20.9,8,2
2015/5/17,22.2,8,2
2015/5/18,21.5,8,2
2015/5/19,20.2,8,2
2015/5/20,22.2,8,2
2015/5/21,19.5,8,2
2015/5/22,20.5,8,2
2015/5/23,21.6,8,2
2015/5/24,21.0,8,2
2015/5/25,21.3,8,2
2015/5/26,23.3,8,2
2015/5/27,23.9,8,2
2015/5/28,22.1,8,2
2015/5/29,20.7,8,2
2015/5/30,23.4,8,2
2015/5/31,25.7,8,2
2015/6/1,23.6,8,2
2015/6/2,23.5,8,2
2015/6/3,21.7,8,2
2015/6/4,23.1,8,2
2015/6/5,18.8,8,2
2015/6/6,18.0,8,2
2015/6/7,20.8,8,2
2015/6/8,21.0,8,2
2015/6/9,19.5,8,2
2015/6/10,22.6,8,2
2015/6/11,23.0,8,2
2015/6/12,21.4,8,2
2015/6/13,24.0,8,2
2015/6/14,22.5,8,2
2015/6/15,24.6,8,2
2015/6/16,23.3,8,2
2015/6/17,21.6,8,2
2015/6/18,21.9,8,2
2015/6/19,19.1,8,2
2015/6/20,21.7,8,2
2015/6/21,20.6,8,2
2015/6/22,22.6,8,2
2015/6/23,23.4,8,2
2015/6/24,23.8,8,2
2015/6/25,24.3,8,2
2015/6/26,22.4,8,2
2015/6/27,22.6,8,2
2015/6/28,23.2,8,2
2015/6/29,21.6,8,2
2015/6/30,22.5,8,2
2015/7/1,20.5,8,2
2015/7/2,22.5,8,2
2015/7/3,21.9,8,2
2015/7/4,22.5,8,2
2015/7/5,20.1,8,2
2015/7/6,19.8,8,2
2015/7/7,21.3,8,2
2015/7/8,22.4,8,2
2015/7/9,19.4,8,2
2015/7/10,23.2,8,2
2015/7/11,25.9,8,2
2015/7/12,27.2,8,2
2015/7/13,29.4,8,2
2015/7/14,29.9,8,2
2015/7/15,28.4,8,2
2015/7/16,26.4,8,2
2015/7/17,26.7,8,2
2015/7/18,27.2,8,2
2015/7/19,29.4,8,2
2015/7/20,28.8,8,2
2015/7/21,29.4,8,2
2015/7/22,28.9,8,2
2015/7/23,27.0,8,2
2015/7/24,28.1,8,2
2015/7/25,28.6,8,2
2015/7/26,30.3,8,2
2015/7/27,30.4,8,2
2015/7/28,29.6,8,2
2015/7/29,29.4,8,2
2015/7/30,29.1,8,2
2015/7/31,30.0,8,2
2015/8/1,30.5,8,2
2015/8/2,30.2,8,2
2015/8/3,29.8,8,2
2015/8/4,30.0,8,2
2015/8/5,30.2,8,2
2015/8/6,30.9,8,2
2015/8/7,31.5,8,2
2015/8/8,27.6,8,2
2015/8/9,27.9,8,2
2015/8/10,27.9,8,2
2015/8/11,29.4,8,2
2015/8/12,28.9,8,2
2015/8/13,27.5,8,2
2015/8/14,26.9,8,2
2015/8/15,27.7,8,2
2015/8/16,27.8,8,2
2015/8/17,25.7,8,2
2015/8/18,28.2,8,2
2015/8/19,27.8,8,2
2015/8/20,25.6,8,2
2015/8/21,26.0,8,2
2015/8/22,28.3,8,2
2015/8/23,26.7,8,2
2015/8/24,24.3,8,2
2015/8/25,21.5,8,2
2015/8/26,19.5,8,2
2015/8/27,23.6,8,2
2015/8/28,21.7,8,2
2015/8/29,20.0,8,2
2015/8/30,21.2,8,2
2015/8/31,22.1,8,2
2015/9/1,23.7,8,2
2015/9/2,26.9,8,2
2015/9/3,25.7,8,2
2015/9/4,24.7,8,2
2015/9/5,25.4,8,2
2015/9/6,23.8,8,2
2015/9/7,23.0,8,2
2015/9/8,20.0,8,2
2015/9/9,22.4,8,2
2015/9/10,21.8,8,2
2015/9/11,23.9,8,2
2015/9/12,24.7,8,2
2015/9/13,24.4,8,2
2015/9/14,22.9,8,2
2015/9/15,22.3,8,2
2015/9/16,21.1,8,2
2015/9/17,17.9,8,2
2015/9/18,20.6,8,2
2015/9/19,24.1,8,2
2015/9/20,23.3,8,2
2015/9/21,22.7,8,2
2015/9/22,23.0,8,2
2015/9/23,22.4,8,2
2015/9/24,20.4,8,2
2015/9/25,17.7,8,2
2015/9/26,20.5,8,2
2015/9/27,21.4,8,2
2015/9/28,23.3,8,2
2015/9/29,22.7,8,2
2015/9/30,20.9,8,2
2015/10/1,19.4,8,2
2015/10/2,23.2,8,2
2015/10/3,21.7,8,2
2015/10/4,21.3,8,2
2015/10/5,17.9,8,2
2015/10/6,17.7,8,2
2015/10/7,17.5,8,2
2015/10/8,19.4,8,2
2015/10/9,20.2,8,2
2015/10/10,18.3,8,2
2015/10/11,18.9,8,2
2015/10/12,18.7,8,2
2015/10/13,18.8,8,2
2015/10/14,18.4,8,2
2015/10/15,18.8,8,2
2015/10/16,15.6,8,2
2015/10/17,17.5,8,2
2015/10/18,18.8,8,2
2015/10/19,19.0,8,2
2015/10/20,19.0,8,2
2015/10/21,17.2,8,2
2015/10/22,17.4,8,2
2015/10/23,17.9,8,2
2015/10/24,19.0,8,2
2015/10/25,16.1,8,2
2015/10/26,15.5,8,2
2015/10/27,18.3,8,2
2015/10/28,20.8,8,2
2015/10/29,17.1,8,2
2015/10/30,17.1,8,2
2015/10/31,14.4,8,2
2015/11/1,13.1,8,2
2015/11/2,12.7,8,2
2015/11/3,16.2,8,2
2015/11/4,14.4,8,2
2015/11/5,15.1,8,2
2015/11/6,16.4,8,2
2015/11/7,16.5,8,2
2015/11/8,15.2,8,2
2015/11/9,18.2,8,2
2015/11/10,16.5,8,2
2015/11/11,14.9,8,2
2015/11/12,13.4,8,2
2015/11/13,13.1,8,2
2015/11/14,13.0,8,2
2015/11/15,16.0,8,2
2015/11/16,17.2,8,2
2015/11/17,18.5,8,2
2015/11/18,16.7,8,2
2015/11/19,14.5,8,2
2015/11/20,13.7,8,2
2015/11/21,15.5,8,2
2015/11/22,13.1,8,2
2015/11/23,12.2,8,2
2015/11/24,14.3,8,2
2015/11/25,8.7,8,2
2015/11/26,8.7,8,2
2015/11/27,9.9,8,2
2015/11/28,9.4,8,2
2015/11/29,10.4,8,2
2015/11/30,10.0,8,2
2015/12/1,10.8,8,2
2015/12/2,9.5,8,2
2015/12/3,10.5,8,2
2015/12/4,9.9,8,2
2015/12/5,9.8,8,2
2015/12/6,10.6,8,2
2015/12/7,9.2,8,2
2015/12/8,8.0,8,2
2015/12/9,7.5,8,2
2015/12/10,8.8,8,2
2015/12/11,14.7,8,2
2015/12/12,12.6,8,2
2015/12/13,10.2,8,2
2015/12/14,11.6,8,2
2015/12/15,11.5,8,2
2015/12/16,12.9,8,2
2015/12/17,10.1,8,2
2015/12/18,7.8,8,2
2015/12/19,7.1,8,2
2015/12/20,6.9,8,2
2015/12/21,8.8,8,2
2015/12/22,11.0,8,2
2015/12/23,6.8,8,2
2015/12/24,10.3,8,2
2015/12/25,10.9,8,2
2015/12/26,8.5,8,2
2015/12/27,7.3,8,2
2015/12/28,6.0,8,2
2015/12/29,6.3,8,2
2015/12/30,7.2,8,2
2015/12/31,6.6,8,2
2016/1/1,7.5,8,2
2016/1/2,7.3,8,2
2016/1/3,9.3,8,2
2016/1/4,9.2,8,2
2016/1/5,10.9,8,2
2016/1/6,8.9,8,2
2016/1/7,8.7,8,2
2016/1/8,6.8,8,2
2016/1/9,7.3,8,2
2016/1/10,7.9,8,2
2016/1/11,7.1,8,2
2016/1/12,3.4,8,2
2016/1/13,4.3,8,2
2016/1/14,6.0,8,2
2016/1/15,5.6,8,2
2016/1/16,6.5,8,2
2016/1/17,5.8,8,2
2016/1/18,2.8,8,2
2016/1/19,5.1,8,2
2016/1/20,4.1,8,2
2016/1/21,5.4,8,2
2016/1/22,5.8,8,2
2016/1/23,3.9,8,2
2016/1/24,3.3,8,2
2016/1/25,2.9,8,2
2016/1/26,3.8,8,2
2016/1/27,6.3,8,2
2016/1/28,7.8,8,2
2016/1/29,5.4,8,2
2016/1/30,3.3,8,2
2016/1/31,6.1,8,2
2016/2/1,4.7,8,2
2016/2/2,6.0,8,2
2016/2/3,5.0,8,2
2016/2/4,5.1,8,2
2016/2/5,7.5,8,2
2016/2/6,6.7,8,2
2016/2/7,5.0,8,2
2016/2/8,4.4,8,2
2016/2/9,6.6,8,2
2016/2/10,6.0,8,2
2016/2/11,6.0,8,2
2016/2/12,7.2,8,2
2016/2/13,14.0,8,2
2016/2/14,18.5,8,2
2016/2/15,8.1,8,2
2016/2/16,5.6,8,2
2016/2/17,6.2,8,2
2016/2/18,6.2,8,2
2016/2/19,9.7,8,2
2016/2/20,8.0,8,2
2016/2/21,9.5,8,2
2016/2/22,6.7,8,2
2016/2/23,6.7,8,2
2016/2/24,5.8,8,2
2016/2/25,3.8,8,2
2016/2/26,5.8,8,2
2016/2/27,7.8,8,2
2016/2/28,8.7,8,2
2016/2/29,8.3,8,2
2016/3/1,5.2,8,2
2016/3/2,6.3,8,2
2016/3/3,9.2,8,2
2016/3/4,10.4,8,2
2016/3/5,10.7,8,2
2016/3/6,13.2,8,2
2016/3/7,14.1,8,2
2016/3/8,15.8,8,2
2016/3/9,8.7,8,2
2016/3/10,6.1,8,2
2016/3/11,4.6,8,2
2016/3/12,5.8,8,2
2016/3/13,6.7,8,2
2016/3/14,5.7,8,2
2016/3/15,8.1,8,2
2016/3/16,8.7,8,2
2016/3/17,13.1,8,2
2016/3/18,14.8,8,2
2016/3/19,14.9,8,2
2016/3/20,13.4,8,2
2016/3/21,9.5,8,2
2016/3/22,11.0,8,2
2016/3/23,11.5,8,2
2016/3/24,6.3,8,2
2016/3/25,8.1,8,2
2016/3/26,8.0,8,2
2016/3/27,10.4,8,2
2016/3/28,11.3,8,2
2016/3/29,13.0,8,2
2016/3/30,14.9,8,2
2016/3/31,14.9,8,2
2016/4/1,12.8,8,2
2016/4/2,10.5,8,2
2016/4/3,13.1,8,2
2016/4/4,15.6,8,2
2016/4/5,10.8,8,2
2016/4/6,14.6,8,2
2016/4/7,13.8,8,2
2016/4/8,16.1,8,2
2016/4/9,17.1,8,2
2016/4/10,17.2,8,2
2016/4/11,11.6,8,2
2016/4/12,10.5,8,2
2016/4/13,14.4,8,2
2016/4/14,15.0,8,2
2016/4/15,16.3,8,2
2016/4/16,15.8,8,2
2016/4/17,19.2,8,2
2016/4/18,18.9,8,2
2016/4/19,16.2,8,2
2016/4/20,14.9,8,2
2016/4/21,16.5,8,2
2016/4/22,17.3,8,2
2016/4/23,17.9,8,2
2016/4/24,15.7,8,2
2016/4/25,18.1,8,2
2016/4/26,19.2,8,2
2016/4/27,18.1,8,2
2016/4/28,14.4,8,2
2016/4/29,15.8,8,2
2016/4/30,16.0,8,2
2016/5/1,18.2,8,2
2016/5/2,17.4,8,2
2016/5/3,20.4,8,2
2016/5/4,22.1,8,2
2016/5/5,22.1,8,2
2016/5/6,18.1,8,2
2016/5/7,21.2,8,2
2016/5/8,21.3,8,2
2016/5/9,18.5,8,2
2016/5/10,18.4,8,2
2016/5/11,21.4,8,2
2016/5/12,21.7,8,2
2016/5/13,21.2,8,2
2016/5/14,19.8,8,2
2016/5/15,17.6,8,2
2016/5/16,19.0,8,2
2016/5/17,18.3,8,2
2016/5/18,20.0,8,2
2016/5/19,19.3,8,2
2016/5/20,17.2,8,2
2016/5/21,19.1,8,2
2016/5/22,22.4,8,2
2016/5/23,23.5,8,2
2016/5/24,23.4,8,2
2016/5/25,22.2,8,2
2016/5/26,23.0,8,2
2016/5/27,19.4,8,2
2016/5/28,19.3,8,2
2016/5/29,21.7,8,2
2016/5/30,17.4,8,2
2016/5/31,20.4,8,2
2016/6/1,21.5,8,2
2016/6/2,20.7,8,2
2016/6/3,19.4,8,2
2016/6/4,21.7,8,2
2016/6/5,19.3,8,2
2016/6/6,20.0,8,2
2016/6/7,19.6,8,2
2016/6/8,21.9,8,2
2016/6/9,21.2,8,2
2016/6/10,23.5,8,2
2016/6/11,23.5,8,2
2016/6/12,23.9,8,2
2016/6/13,19.8,8,2
2016/6/14,22.2,8,2
2016/6/15,20.8,8,2
2016/6/16,22.1,8,2
2016/6/17,24.2,8,2
2016/6/18,26.7,8,2
2016/6/19,24.3,8,2
2016/6/20,24.3,8,2
2016/6/21,22.7,8,2
2016/6/22,22.7,8,2
2016/6/23,23.0,8,2
2016/6/24,22.7,8,2
2016/6/25,25.4,8,2
2016/6/26,25.5,8,2
2016/6/27,24.4,8,2
2016/6/28,19.1,8,2
2016/6/29,21.5,8,2
2016/6/30,23.0,8,2
2016/7/1,25.6,8,2
2016/7/2,27.0,8,2
2016/7/3,29.2,8,2
2016/7/4,27.8,8,2
2016/7/5,21.7,8,2
2016/7/6,23.1,8,2
2016/7/7,27.4,8,2
2016/7/8,25.3,8,2
2016/7/9,22.4,8,2
2016/7/10,25.6,8,2
2016/7/11,28.0,8,2
2016/7/12,27.1,8,2
2016/7/13,25.1,8,2
2016/7/14,25.9,8,2
2016/7/15,22.2,8,2
2016/7/16,24.1,8,2
2016/7/17,25.9,8,2
2016/7/18,28.7,8,2
2016/7/19,27.3,8,2
2016/7/20,26.3,8,2
2016/7/21,21.8,8,2
2016/7/22,21.4,8,2
2016/7/23,22.4,8,2
2016/7/24,23.9,8,2
2016/7/25,24.7,8,2
2016/7/26,23.8,8,2
2016/7/27,24.5,8,2
2016/7/28,26.5,8,2
2016/7/29,27.2,8,2
2016/7/30,27.2,8,2
2016/7/31,27.5,8,2
2016/8/1,27.4,8,2
2016/8/2,25.9,8,2
2016/8/3,26.8,8,2
2016/8/4,28.1,8,2
2016/8/5,28.7,8,2
2016/8/6,29.1,8,2
2016/8/7,28.6,8,2
2016/8/8,28.5,8,2
2016/8/9,31.9,8,2
2016/8/10,29.1,8,2
2016/8/11,27.3,8,2
2016/8/12,26.7,8,2
2016/8/13,26.5,8,2
2016/8/14,26.0,8,2
2016/8/15,26.6,8,2
2016/8/16,26.9,8,2
2016/8/17,28.7,8,2
2016/8/18,26.9,8,2
2016/8/19,27.6,8,2
2016/8/20,25.7,8,2
2016/8/21,27.9,8,2
2016/8/22,25.7,8,2
2016/8/23,26.8,8,2
2016/8/24,26.5,8,2
2016/8/25,28.0,8,2
2016/8/26,28.3,8,2
2016/8/27,24.3,8,2
2016/8/28,22.6,8,2
2016/8/29,25.6,8,2
2016/8/30,25.1,8,2
2016/8/31,26.8,8,2
2016/9/1,27.0,8,2
2016/9/2,26.7,8,2
2016/9/3,27.2,8,2
2016/9/4,26.7,8,2
2016/9/5,28.4,8,2
2016/9/6,28.8,8,2
2016/9/7,27.1,8,2
2016/9/8,26.4,8,2
2016/9/9,27.0,8,2
2016/9/10,26.6,8,2
2016/9/11,23.2,8,2
2016/9/12,24.7,8,2
2016/9/13,22.6,8,2
2016/9/14,23.1,8,2
2016/9/15,24.1,8,2
2016/9/16,22.9,8,2
2016/9/17,25.3,8,2
2016/9/18,24.6,8,2
2016/9/19,21.3,8,2
2016/9/20,19.1,8,2
2016/9/21,20.1,8,2
2016/9/22,19.4,8,2
2016/9/23,20.8,8,2
2016/9/24,21.8,8,2
2016/9/25,23.6,8,2
2016/9/26,25.4,8,2
2016/9/27,25.6,8,2
2016/9/28,26.5,8,2
2016/9/29,24.6,8,2
2016/9/30,21.4,8,2
2016/10/1,19.7,8,2
2016/10/2,23.1,8,2
2016/10/3,22.7,8,2
2016/10/4,24.9,8,2
2016/10/5,24.0,8,2
2016/10/6,26.0,8,2
2016/10/7,21.4,8,2
2016/10/8,21.2,8,2
2016/10/9,22.3,8,2
2016/10/10,18.4,8,2
2016/10/11,17.6,8,2
2016/10/12,17.9,8,2
2016/10/13,16.5,8,2
2016/10/14,15.6,8,2
2016/10/15,16.7,8,2
2016/10/16,17.4,8,2
2016/10/17,17.5,8,2
2016/10/18,20.9,8,2
2016/10/19,20.8,8,2
2016/10/20,21.9,8,2
2016/10/21,18.2,8,2
2016/10/22,16.7,8,2
2016/10/23,18.1,8,2
2016/10/24,14.9,8,2
2016/10/25,14.0,8,2
2016/10/26,19.1,8,2
2016/10/27,19.0,8,2
2016/10/28,12.2,8,2
2016/10/29,15.5,8,2
2016/10/30,11.9,8,2
2016/10/31,14.3,8,2
2016/11/1,13.4,8,2
2016/11/2,10.9,8,2
2016/11/3,12.9,8,2
2016/11/4,14.0,8,2
2016/11/5,14.6,8,2
2016/11/6,14.8,8,2
2016/11/7,11.0,8,2
2016/11/8,9.9,8,2
2016/11/9,10.4,8,2
2016/11/10,9.6,8,2
2016/11/11,9.0,8,2
2016/11/12,13.6,8,2
2016/11/13,13.6,8,2
2016/11/14,13.7,8,2
2016/11/15,15.3,8,2
2016/11/16,12.5,8,2
2016/11/17,12.6,8,2
2016/11/18,11.3,8,2
2016/11/19,9.8,8,2
2016/11/20,13.6,8,2
2016/11/21,12.6,8,2
2016/11/22,14.0,8,2
2016/11/23,11.4,8,2
2016/11/24,2.8,8,2
2016/11/25,5.6,8,2
2016/11/26,8.3,8,2
2016/11/27,10.6,8,2
2016/11/28,11.1,8,2
2016/11/29,10.5,8,2
2016/11/30,8.8,8,2
2016/12/1,10.0,8,2
2016/12/2,11.5,8,2
2016/12/3,10.8,8,2
2016/12/4,11.6,8,2
2016/12/5,12.7,8,2
2016/12/6,10.8,8,2
2016/12/7,7.5,8,2
2016/12/8,8.6,8,2
2016/12/9,11.1,8,2
2016/12/10,8.5,8,2
2016/12/11,6.8,8,2
2016/12/12,7.0,8,2
2016/12/13,9.4,8,2
2016/12/14,8.1,8,2
2016/12/15,6.2,8,2
2016/12/16,4.8,8,2
2016/12/17,6.7,8,2
2016/12/18,8.2,8,2
2016/12/19,10.0,8,2
2016/12/20,9.6,8,2
2016/12/21,10.5,8,2
2016/12/22,14.6,8,2
2016/12/23,14.0,8,2
2016/12/24,8.6,8,2
2016/12/25,6.6,8,2
2016/12/26,6.9,8,2
2016/12/27,11.1,8,2
2016/12/28,6.0,8,2
2016/12/29,4.3,8,2
2016/12/30,6.0,8,2
2016/12/31,6.3,8,2
2017/1/1,7.4,8,2
2017/1/2,7.2,8,2
2017/1/3,8.0,8,2
2017/1/4,8.5,8,2
2017/1/5,6.7,8,2
2017/1/6,4.5,8,2
2017/1/7,4.1,8,2
2017/1/8,3.9,8,2
2017/1/9,7.2,8,2
2017/1/10,8.1,8,2
2017/1/11,6.9,8,2
2017/1/12,6.0,8,2
2017/1/13,6.2,8,2
2017/1/14,2.4,8,2
2017/1/15,0.7,8,2
2017/1/16,3.2,8,2
2017/1/17,5.4,8,2
2017/1/18,5.8,8,2
2017/1/19,6.4,8,2
2017/1/20,3.0,8,2
2017/1/21,5.9,8,2
2017/1/22,6.0,8,2
2017/1/23,4.0,8,2
2017/1/24,2.5,8,2
2017/1/25,3.9,8,2
2017/1/26,4.6,8,2
2017/1/27,8.8,8,2
2017/1/28,8.4,8,2
2017/1/29,8.0,8,2
2017/1/30,11.2,8,2
2017/1/31,5.9,8,2
2017/2/1,6.0,8,2
2017/2/2,4.5,8,2
2017/2/3,7.4,8,2
2017/2/4,8.2,8,2
2017/2/5,7.2,8,2
2017/2/6,8.7,8,2
2017/2/7,5.6,8,2
2017/2/8,6.3,8,2
2017/2/9,2.4,8,2
2017/2/10,4.3,8,2
2017/2/11,4.1,8,2
2017/2/12,5.0,8,2
2017/2/13,6.3,8,2
2017/2/14,6.1,8,2
2017/2/15,6.5,8,2
2017/2/16,7.3,8,2
2017/2/17,13.2,8,2
2017/2/18,8.1,8,2
2017/2/19,6.2,8,2
2017/2/20,9.9,8,2
2017/2/21,6.1,8,2
2017/2/22,7.0,8,2
2017/2/23,12.4,8,2
2017/2/24,7.4,8,2
2017/2/25,7.5,8,2
2017/2/26,8.6,8,2
2017/2/27,6.2,8,2
2017/2/28,5.5,8,2
2017/3/1,6.4,8,2
2017/3/2,6.8,8,2
2017/3/3,8.7,8,2
2017/3/4,8.7,8,2
2017/3/5,10.4,8,2
2017/3/6,9.3,8,2
2017/3/7,6.6,8,2
2017/3/8,5.5,8,2
2017/3/9,7.5,8,2
2017/3/10,8.6,8,2
2017/3/11,7.9,8,2
2017/3/12,7.6,8,2
2017/3/13,8.8,8,2
2017/3/14,8.1,8,2
2017/3/15,5.4,8,2
2017/3/16,8.2,8,2
2017/3/17,9.5,8,2
2017/3/18,10.3,8,2
2017/3/19,12.2,8,2
2017/3/20,12.6,8,2
2017/3/21,9.1,8,2
2017/3/22,9.8,8,2
2017/3/23,9.7,8,2
2017/3/24,8.5,8,2
2017/3/25,7.8,8,2
2017/3/26,5.9,8,2
2017/3/27,5.0,8,2
2017/3/28,8.6,8,2
2017/3/29,9.1,8,2
2017/3/30,11.9,8,2
2017/3/31,8.8,8,2
2017/4/1,6.3,8,2
2017/4/2,8.7,8,2
2017/4/3,9.9,8,2
2017/4/4,11.2,8,2
2017/4/5,14.7,8,2
2017/4/6,16.7,8,2
2017/4/7,17.5,8,2
2017/4/8,15.3,8,2
2017/4/9,13.8,8,2
2017/4/10,10.4,8,2
2017/4/11,8.5,8,2
2017/4/12,14.3,8,2
2017/4/13,12.3,8,2
2017/4/14,15.0,8,2
2017/4/15,18.6,8,2
2017/4/16,18.9,8,2
2017/4/17,18.3,8,2
2017/4/18,20.0,8,2
2017/4/19,18.0,8,2
2017/4/20,15.7,8,2
2017/4/21,15.6,8,2
2017/4/22,14.3,8,2
2017/4/23,13.6,8,2
2017/4/24,14.5,8,2
2017/4/25,16.0,8,2
2017/4/26,16.9,8,2
2017/4/27,14.7,8,2
2017/4/28,15.9,8,2
2017/4/29,16.2,8,2
2017/4/30,17.8,8,2
2017/5/1,17.7,8,2
2017/5/2,16.6,8,2
2017/5/3,17.1,8,2
2017/5/4,18.1,8,2
2017/5/5,19.6,8,2
2017/5/6,21.7,8,2
2017/5/7,19.9,8,2
2017/5/8,20.8,8,2
2017/5/9,19.1,8,2
2017/5/10,16.3,8,2
2017/5/11,21.0,8,2
2017/5/12,21.6,8,2
2017/5/13,17.8,8,2
2017/5/14,17.8,8,2
2017/5/15,17.7,8,2
2017/5/16,18.9,8,2
2017/5/17,17.2,8,2
2017/5/18,17.6,8,2
2017/5/19,20.0,8,2
2017/5/20,22.1,8,2
2017/5/21,23.8,8,2
2017/5/22,23.2,8,2
2017/5/23,22.5,8,2
2017/5/24,22.2,8,2
2017/5/25,20.9,8,2
2017/5/26,18.8,8,2
2017/5/27,20.9,8,2
2017/5/28,20.9,8,2
2017/5/29,21.5,8,2
2017/5/30,23.3,8,2
2017/5/31,23.6,8,2
2017/6/1,21.5,8,2
2017/6/2,23.0,8,2
2017/6/3,21.4,8,2
2017/6/4,21.0,8,2
2017/6/5,19.6,8,2
2017/6/6,19.6,8,2
2017/6/7,20.3,8,2
2017/6/8,22.0,8,2
2017/6/9,23.1,8,2
2017/6/10,24.6,8,2
2017/6/11,21.7,8,2
2017/6/12,20.5,8,2
2017/6/13,16.9,8,2
2017/6/14,19.3,8,2
2017/6/15,21.3,8,2
2017/6/16,22.4,8,2
2017/6/17,22.3,8,2
2017/6/18,19.5,8,2
2017/6/19,22.6,8,2
2017/6/20,22.7,8,2
2017/6/21,22.4,8,2
2017/6/22,24.0,8,2
2017/6/23,24.6,8,2
2017/6/24,24.6,8,2
2017/6/25,22.3,8,2
2017/6/26,23.1,8,2
2017/6/27,23.2,8,2
2017/6/28,22.4,8,2
2017/6/29,24.6,8,2
2017/6/30,23.8,8,2
2017/7/1,23.4,8,2
2017/7/2,25.7,8,2
2017/7/3,28.3,8,2
2017/7/4,26.8,8,2
2017/7/5,26.3,8,2
2017/7/6,26.2,8,2
2017/7/7,27.0,8,2
2017/7/8,27.9,8,2
2017/7/9,27.3,8,2
2017/7/10,27.4,8,2
2017/7/11,27.7,8,2
2017/7/12,28.9,8,2
2017/7/13,28.5,8,2
2017/7/14,28.2,8,2
2017/7/15,28.1,8,2
2017/7/16,28.9,8,2
2017/7/17,29.7,8,2
2017/7/18,26.3,8,2
2017/7/19,26.5,8,2
2017/7/20,28.2,8,2
2017/7/21,29.1,8,2
2017/7/22,28.7,8,2
2017/7/23,27.3,8,2
2017/7/24,29.1,8,2
2017/7/25,29.4,8,2
2017/7/26,24.6,8,2
2017/7/27,24.2,8,2
2017/7/28,26.8,8,2
2017/7/29,26.8,8,2
2017/7/30,25.6,8,2
2017/7/31,28.0,8,2
2017/8/1,26.3,8,2
2017/8/2,22.9,8,2
2017/8/3,24.3,8,2
2017/8/4,25.6,8,2
2017/8/5,27.8,8,2
2017/8/6,29.0,8,2
2017/8/7,28.7,8,2
2017/8/8,29.3,8,2
2017/8/9,30.0,8,2
2017/8/10,25.7,8,2
2017/8/11,22.9,8,2
2017/8/12,24.1,8,2
2017/8/13,26.9,8,2
2017/8/14,24.4,8,2
2017/8/15,23.7,8,2
2017/8/16,21.9,8,2
2017/8/17,24.2,8,2
2017/8/18,26.5,8,2
2017/8/19,26.0,8,2
2017/8/20,25.3,8,2
2017/8/21,27.0,8,2
2017/8/22,27.8,8,2
2017/8/23,29.4,8,2
2017/8/24,29.9,8,2
2017/8/25,30.4,8,2
2017/8/26,28.9,8,2
2017/8/27,26.6,8,2
2017/8/28,26.4,8,2
2017/8/29,28.7,8,2
2017/8/30,27.7,8,2
2017/8/31,21.6,8,2
2017/9/1,21.8,8,2
2017/9/2,20.0,8,2
2017/9/3,22.2,8,2
2017/9/4,20.6,8,2
2017/9/5,23.0,8,2
2017/9/6,21.6,8,2
2017/9/7,22.1,8,2
2017/9/8,23.8,8,2
2017/9/9,24.5,8,2
2017/9/10,25.3,8,2
2017/9/11,25.8,8,2
2017/9/12,24.8,8,2
2017/9/13,26.2,8,2
2017/9/14,25.7,8,2
2017/9/15,23.9,8,2
2017/9/16,20.5,8,2
2017/9/17,19.0,8,2
2017/9/18,27.0,8,2
2017/9/19,24.6,8,2
2017/9/20,23.3,8,2
2017/9/21,24.2,8,2
2017/9/22,21.9,8,2
2017/9/23,20.1,8,2
2017/9/24,21.9,8,2
2017/9/25,23.7,8,2
2017/9/26,23.8,8,2
2017/9/27,23.7,8,2
2017/9/28,19.2,8,2
2017/9/29,19.9,8,2
2017/9/30,20.1,8,2
2017/10/1,20.9,8,2
2017/10/2,22.3,8,2
2017/10/3,22.1,8,2
2017/10/4,18.3,8,2
2017/10/5,16.9,8,2
2017/10/6,15.7,8,2
2017/10/7,18.0,8,2
2017/10/8,20.9,8,2
2017/10/9,21.0,8,2
2017/10/10,22.8,8,2
2017/10/11,21.2,8,2
2017/10/12,23.1,8,2
2017/10/13,15.9,8,2
2017/10/14,14.6,8,2
2017/10/15,15.0,8,2
2017/10/16,12.7,8,2
2017/10/17,13.3,8,2
2017/10/18,14.5,8,2
2017/10/19,11.0,8,2
2017/10/20,14.3,8,2
2017/10/21,16.4,8,2
2017/10/22,17.4,8,2
2017/10/23,19.0,8,2
2017/10/24,15.1,8,2
2017/10/25,12.8,8,2
2017/10/26,14.4,8,2
2017/10/27,15.1,8,2
2017/10/28,14.4,8,2
2017/10/29,14.5,8,2
2017/10/30,15.3,8,2
2017/10/31,12.7,8,2
2017/11/1,13.1,8,2
2017/11/2,15.3,8,2
2017/11/3,16.2,8,2
2017/11/4,16.1,8,2
2017/11/5,13.3,8,2
2017/11/6,13.6,8,2
2017/11/7,15.5,8,2
2017/11/8,14.6,8,2
2017/11/9,14.4,8,2
2017/11/10,12.9,8,2
2017/11/11,16.4,8,2
2017/11/12,12.0,8,2
2017/11/13,11.8,8,2
2017/11/14,11.9,8,2
2017/11/15,12.8,8,2
2017/11/16,11.6,8,2
2017/11/17,9.9,8,2
2017/11/18,10.7,8,2
2017/11/19,8.6,8,2
2017/11/20,6.4,8,2
2017/11/21,7.9,8,2
2017/11/22,7.1,8,2
2017/11/23,9.4,8,2
2017/11/24,9.4,8,2
2017/11/25,9.1,8,2
2017/11/26,11.6,8,2
2017/11/27,11.4,8,2
2017/11/28,11.6,8,2
2017/11/29,12.7,8,2
2017/11/30,11.0,8,2
2017/12/1,8.5,8,2
2017/12/2,7.6,8,2
2017/12/3,8.2,8,2
2017/12/4,8.8,8,2
2017/12/5,9.2,8,2
2017/12/6,6.9,8,2
2017/12/7,6.4,8,2
2017/12/8,5.7,8,2
2017/12/9,5.9,8,2
2017/12/10,6.9,8,2
2017/12/11,9.9,8,2
2017/12/12,6.8,8,2
2017/12/13,5.9,8,2
2017/12/14,5.7,8,2
2017/12/15,5.4,8,2
2017/12/16,7.7,8,2
2017/12/17,6.1,8,2
2017/12/18,4.4,8,2
2017/12/19,6.5,8,2
2017/12/20,5.7,8,2
2017/12/21,5.3,8,2
2017/12/22,5.4,8,2
2017/12/23,7.1,8,2
2017/12/24,7.4,8,2
2017/12/25,9.4,8,2
2017/12/26,7.5,8,2
2017/12/27,4.5,8,2
2017/12/28,4.8,8,2
2017/12/29,6.1,8,2
2017/12/30,6.2,8,2
2017/12/31,3.8,8,2
2018/1/1,6.2,8,2
2018/1/2,6.1,8,2
2018/1/3,4.9,8,2
2018/1/4,4.7,8,2
2018/1/5,3.7,8,2
2018/1/6,4.6,8,2
2018/1/7,6.3,8,2
2018/1/8,5.5,8,2
2018/1/9,8.5,8,2
2018/1/10,7.5,8,2
2018/1/11,5.3,8,2
2018/1/12,2.7,8,2
2018/1/13,2.7,8,2
2018/1/14,4.1,8,2
2018/1/15,4.2,8,2
2018/1/16,7.1,8,2
2018/1/17,6.9,8,2
2018/1/18,8.3,8,2
2018/1/19,8.4,8,2
2018/1/20,6.3,8,2
2018/1/21,7.0,8,2
2018/1/22,1.7,8,2
2018/1/23,3.7,8,2
2018/1/24,2.2,8,2
2018/1/25,0.0,8,2
2018/1/26,0.5,8,2
2018/1/27,2.6,8,2
2018/1/28,1.7,8,2
2018/1/29,3.7,8,2
2018/1/30,3.3,8,2
2018/1/31,3.9,8,2
2018/2/1,3.0,8,2
2018/2/2,1.9,8,2
2018/2/3,4.5,8,2
2018/2/4,5.4,8,2
2018/2/5,4.3,8,2
2018/2/6,3.3,8,2
2018/2/7,3.4,8,2
2018/2/8,3.6,8,2
2018/2/9,4.2,8,2
2018/2/10,7.0,8,2
2018/2/11,8.5,8,2
2018/2/12,4.4,8,2
2018/2/13,3.9,8,2
2018/2/14,6.0,8,2
2018/2/15,9.6,8,2
2018/2/16,6.3,8,2
2018/2/17,5.8,8,2
2018/2/18,3.5,8,2
2018/2/19,5.7,8,2
2018/2/20,7.5,8,2
2018/2/21,5.9,8,2
2018/2/22,2.7,8,2
2018/2/23,3.7,8,2
2018/2/24,7.4,8,2
2018/2/25,5.6,8,2
2018/2/26,6.0,8,2
2018/2/27,7.7,8,2
2018/2/28,9.1,8,2
2018/3/1,12.4,8,2
2018/3/2,9.4,8,2
2018/3/3,9.7,8,2
2018/3/4,13.9,8,2
2018/3/5,15.6,8,2
2018/3/6,8.3,8,2
2018/3/7,5.2,8,2
2018/3/8,5.9,8,2
2018/3/9,11.6,8,2
2018/3/10,7.3,8,2
2018/3/11,9.2,8,2
2018/3/12,9.9,8,2
2018/3/13,11.6,8,2
2018/3/14,14.3,8,2
2018/3/15,15.9,8,2
2018/3/16,13.2,8,2
2018/3/17,7.4,8,2
2018/3/18,11.3,8,2
2018/3/19,13.0,8,2
2018/3/20,8.4,8,2
2018/3/21,3.8,8,2
2018/3/22,9.5,8,2
2018/3/23,11.9,8,2
2018/3/24,11.3,8,2
2018/3/25,13.0,8,2
2018/3/26,14.1,8,2
2018/3/27,15.7,8,2
2018/3/28,17.2,8,2
2018/3/29,18.1,8,2
2018/3/30,13.8,8,2
2018/3/31,13.4,8,2
2018/4/1,16.0,8,2
2018/4/2,17.9,8,2
2018/4/3,17.9,8,2
2018/4/4,20.1,8,2
2018/4/5,13.3,8,2
2018/4/6,18.1,8,2
2018/4/7,16.2,8,2
2018/4/8,11.9,8,2
2018/4/9,13.7,8,2
2018/4/10,13.6,8,2
2018/4/11,17.6,8,2
2018/4/12,19.1,8,2
2018/4/13,15.5,8,2
2018/4/14,15.2,8,2
2018/4/15,17.9,8,2
2018/4/16,14.7,8,2
2018/4/17,12.7,8,2
2018/4/18,12.7,8,2
2018/4/19,16.2,8,2
2018/4/20,18.7,8,2
2018/4/21,18.9,8,2
2018/4/22,20.5,8,2
2018/4/23,16.5,8,2
2018/4/24,18.0,8,2
2018/4/25,19.0,8,2
2018/4/26,18.9,8,2
2018/4/27,18.5,8,2
2018/4/28,20.1,8,2
2018/4/29,20.1,8,2
2018/4/30,20.8,8,2
2018/5/1,22.3,8,2
2018/5/2,20.4,8,2
2018/5/3,21.9,8,2
2018/5/4,18.0,8,2
2018/5/5,18.3,8,2
2018/5/6,21.0,8,2
2018/5/7,17.9,8,2
2018/5/8,12.9,8,2
2018/5/9,12.1,8,2
2018/5/10,12.1,8,2
2018/5/11,16.4,8,2
2018/5/12,18.8,8,2
2018/5/13,17.9,8,2
2018/5/14,21.1,8,2
2018/5/15,22.3,8,2
2018/5/16,23.5,8,2
2018/5/17,24.0,8,2
2018/5/18,23.4,8,2
2018/5/19,21.5,8,2
2018/5/20,16.8,8,2
2018/5/21,20.3,8,2
2018/5/22,21.0,8,2
2018/5/23,18.6,8,2
2018/5/24,20.7,8,2
2018/5/25,22.8,8,2
2018/5/26,21.4,8,2
2018/5/27,21.3,8,2
2018/5/28,21.6,8,2
2018/5/29,23.0,8,2
2018/5/30,21.1,8,2
2018/5/31,19.5,8,2
2018/6/1,21.7,8,2
2018/6/2,21.9,8,2
2018/6/3,22.5,8,2
2018/6/4,23.5,8,2
2018/6/5,23.2,8,2
2018/6/6,20.3,8,2
2018/6/7,22.2,8,2
2018/6/8,23.7,8,2
2018/6/9,25.7,8,2
2018/6/10,20.0,8,2
2018/6/11,18.9,8,2
2018/6/12,20.5,8,2
2018/6/13,21.5,8,2
2018/6/14,20.6,8,2
2018/6/15,17.6,8,2
2018/6/16,15.9,8,2
2018/6/17,18.7,8,2
2018/6/18,19.4,8,2
2018/6/19,22.7,8,2
2018/6/20,20.8,8,2
2018/6/21,21.2,8,2
2018/6/22,23.1,8,2
2018/6/23,20.6,8,2
2018/6/24,21.3,8,2
2018/6/25,26.2,8,2
2018/6/26,25.7,8,2
2018/6/27,27.7,8,2
2018/6/28,27.4,8,2
2018/6/29,28.2,8,2
2018/6/30,28.6,8,2
2018/7/1,28.1,8,2
2018/7/2,28.8,8,2
2018/7/3,28.4,8,2
2018/7/4,27.6,8,2
2018/7/5,26.7,8,2
2018/7/6,21.7,8,2
2018/7/7,25.0,8,2
2018/7/8,27.4,8,2
2018/7/9,27.3,8,2
2018/7/10,28.5,8,2
2018/7/11,29.0,8,2
2018/7/12,26.6,8,2
2018/7/13,29.1,8,2
2018/7/14,30.1,8,2
2018/7/15,29.7,8,2
2018/7/16,29.9,8,2
2018/7/17,29.9,8,2
2018/7/18,30.5,8,2
2018/7/19,29.9,8,2
2018/7/20,29.9,8,2
2018/7/21,30.5,8,2
2018/7/22,31.0,8,2
2018/7/23,32.2,8,2
2018/7/24,29.8,8,2
2018/7/25,28.1,8,2
2018/7/26,26.5,8,2
2018/7/27,25.4,8,2
2018/7/28,24.0,8,2
2018/7/29,27.9,8,2
2018/7/30,28.0,8,2
2018/7/31,28.4,8,2
2018/8/1,30.3,8,2
2018/8/2,31.2,8,2
2018/8/3,30.5,8,2
2018/8/4,29.8,8,2
2018/8/5,30.4,8,2
2018/8/6,28.7,8,2
2018/8/7,22.2,8,2
2018/8/8,23.6,8,2
2018/8/9,27.4,8,2
2018/8/10,29.8,8,2
2018/8/11,28.7,8,2
2018/8/12,27.7,8,2
2018/8/13,27.5,8,2
2018/8/14,28.8,8,2
2018/8/15,29.7,8,2
2018/8/16,29.1,8,2
2018/8/17,26.3,8,2
2018/8/18,22.7,8,2
2018/8/19,23.6,8,2
2018/8/20,24.7,8,2
2018/8/21,28.2,8,2
2018/8/22,29.7,8,2
2018/8/23,29.4,8,2
2018/8/24,28.2,8,2
2018/8/25,31.1,8,2
2018/8/26,31.0,8,2
2018/8/27,29.4,8,2
2018/8/28,26.6,8,2
2018/8/29,26.1,8,2
2018/8/30,28.8,8,2
2018/8/31,28.7,8,2
2018/9/1,25.9,8,2
2018/9/2,22.1,8,2
2018/9/3,23.6,8,2
2018/9/4,26.5,8,2
2018/9/5,27.6,8,2
2018/9/6,27.6,8,2
2018/9/7,27.5,8,2
2018/9/8,28.8,8,2
2018/9/9,28.3,8,2
2018/9/10,25.5,8,2
2018/9/11,21.4,8,2
2018/9/12,21.0,8,2
2018/9/13,22.4,8,2
2018/9/14,21.9,8,2
2018/9/15,20.5,8,2
2018/9/16,23.1,8,2
2018/9/17,24.7,8,2
2018/9/18,23.3,8,2
2018/9/19,22.2,8,2
2018/9/20,19.9,8,2
2018/9/21,17.7,8,2
2018/9/22,21.5,8,2
2018/9/23,24.5,8,2
2018/9/24,24.4,8,2
2018/9/25,21.3,8,2
2018/9/26,17.7,8,2
2018/9/27,15.9,8,2
2018/9/28,19.7,8,2
2018/9/29,18.8,8,2
2018/9/30,20.4,8,2
2018/10/1,26.1,8,2
2018/10/2,22.0,8,2
2018/10/3,21.0,8,2
2018/10/4,20.1,8,2
2018/10/5,18.7,8,2
2018/10/6,23.7,8,2
2018/10/7,27.5,8,2
2018/10/8,21.9,8,2
2018/10/9,21.9,8,2
2018/10/10,22.4,8,2
2018/10/11,21.7,8,2
2018/10/12,20.0,8,2
2018/10/13,17.4,8,2
2018/10/14,16.4,8,2
2018/10/15,18.1,8,2
2018/10/16,18.4,8,2
2018/10/17,18.2,8,2
2018/10/18,17.2,8,2
2018/10/19,16.6,8,2
2018/10/20,16.6,8,2
2018/10/21,16.6,8,2
2018/10/22,16.6,8,2
2018/10/23,14.6,8,2
2018/10/24,17.7,8,2
2018/10/25,18.1,8,2
2018/10/26,18.0,8,2
2018/10/27,19.1,8,2
2018/10/28,16.9,8,2
2018/10/29,17.0,8,2
2018/10/30,17.0,8,2
2018/10/31,15.0,8,2
2018/11/1,14.7,8,2
2018/11/2,14.5,8,2
2018/11/3,14.9,8,2
2018/11/4,14.8,8,2
2018/11/5,18.0,8,2
2018/11/6,17.6,8,2
2018/11/7,16.6,8,2
2018/11/8,16.9,8,2
2018/11/9,15.6,8,2
2018/11/10,18.1,8,2
2018/11/11,16.3,8,2
2018/11/12,15.7,8,2
2018/11/13,14.9,8,2
2018/11/14,13.6,8,2
2018/11/15,12.5,8,2
2018/11/16,13.0,8,2
2018/11/17,14.9,8,2
2018/11/18,13.8,8,2
2018/11/19,13.4,8,2
2018/11/20,11.3,8,2
2018/11/21,11.6,8,2
2018/11/22,10.7,8,2
2018/11/23,10.8,8,2
2018/11/24,9.4,8,2
2018/11/25,10.1,8,2
2018/11/26,12.4,8,2
2018/11/27,13.8,8,2
2018/11/28,14.1,8,2
2018/11/29,12.8,8,2
2018/11/30,12.4,8,2
2018/12/1,12.0,8,2
2018/12/2,10.0,8,2
2018/12/3,13.2,8,2
2018/12/4,17.7,8,2
2018/12/5,16.8,8,2
2018/12/6,10.1,8,2
2018/12/7,12.2,8,2
2018/12/8,9.3,8,2
2018/12/9,7.8,8,2
2018/12/10,5.9,8,2
2018/12/11,4.7,8,2
2018/12/12,6.9,8,2
2018/12/13,6.7,8,2
2018/12/14,6.3,8,2
2018/12/15,6.1,8,2
2018/12/16,3.3,8,2
2018/12/17,6.6,8,2
2018/12/18,8.9,8,2
2018/12/19,8.2,8,2
2018/12/20,8.7,8,2
2018/12/21,8.9,8,2
2018/12/22,9.0,8,2
2018/12/23,9.9,8,2
2018/12/24,8.2,8,2
2018/12/25,5.8,8,2
2018/12/26,7.3,8,2
2018/12/27,9.0,8,2
2018/12/28,4.8,8,2
2018/12/29,4.3,8,2
2018/12/30,4.8,8,2
2018/12/31,4.9,8,2
